{"current":{"logo":"shopify:\/\/shop_images\/logo.svg","logo_dark":"shopify:\/\/shop_images\/logo-dark.svg","logo_width":100,"favicon":"shopify:\/\/shop_images\/Trademark_-_Circle_Logo_padding.png","type_header_font":"din_next_n4","heading_scale":130,"type_body_font":"fs_koopman_n4","body_scale":100,"page_width":1300,"spacing_sections":0,"spacing_grid_horizontal":40,"spacing_grid_vertical":40,"animations_reveal_on_scroll":false,"animations_hover_elements":"none","buttons_border_thickness":1,"buttons_border_opacity":100,"buttons_radius":6,"buttons_shadow_opacity":0,"buttons_shadow_horizontal_offset":0,"buttons_shadow_vertical_offset":4,"buttons_shadow_blur":5,"variant_pills_border_thickness":1,"variant_pills_border_opacity":100,"variant_pills_radius":0,"variant_pills_shadow_opacity":0,"variant_pills_shadow_horizontal_offset":0,"variant_pills_shadow_vertical_offset":4,"variant_pills_shadow_blur":5,"inputs_border_thickness":1,"inputs_border_opacity":100,"inputs_radius":0,"inputs_shadow_opacity":0,"inputs_shadow_horizontal_offset":0,"inputs_shadow_vertical_offset":4,"inputs_shadow_blur":5,"card_style":"standard","card_image_padding":0,"card_text_alignment":"left","card_color_scheme":"scheme-2","card_border_thickness":0,"card_border_opacity":10,"card_corner_radius":0,"card_shadow_opacity":0,"card_shadow_horizontal_offset":0,"card_shadow_vertical_offset":4,"card_shadow_blur":5,"collection_card_style":"standard","collection_card_image_padding":0,"collection_card_text_alignment":"left","collection_card_color_scheme":"scheme-2","collection_card_border_thickness":0,"collection_card_border_opacity":10,"collection_card_corner_radius":0,"collection_card_shadow_opacity":0,"collection_card_shadow_horizontal_offset":0,"collection_card_shadow_vertical_offset":4,"collection_card_shadow_blur":5,"blog_card_style":"standard","blog_card_image_padding":0,"blog_card_text_alignment":"left","blog_card_color_scheme":"scheme-2","blog_card_border_thickness":0,"blog_card_border_opacity":10,"blog_card_corner_radius":0,"blog_card_shadow_opacity":0,"blog_card_shadow_horizontal_offset":0,"blog_card_shadow_vertical_offset":4,"blog_card_shadow_blur":5,"text_boxes_border_thickness":0,"text_boxes_border_opacity":0,"text_boxes_radius":0,"text_boxes_shadow_opacity":0,"text_boxes_shadow_horizontal_offset":0,"text_boxes_shadow_vertical_offset":4,"text_boxes_shadow_blur":5,"media_border_thickness":0,"media_border_opacity":10,"media_radius":0,"media_shadow_opacity":0,"media_shadow_horizontal_offset":0,"media_shadow_vertical_offset":4,"media_shadow_blur":5,"popup_border_thickness":1,"popup_border_opacity":100,"popup_corner_radius":0,"popup_shadow_opacity":5,"popup_shadow_horizontal_offset":0,"popup_shadow_vertical_offset":4,"popup_shadow_blur":5,"drawer_border_thickness":0,"drawer_border_opacity":100,"drawer_shadow_opacity":0,"drawer_shadow_horizontal_offset":0,"drawer_shadow_vertical_offset":4,"drawer_shadow_blur":5,"badge_position":"top left","badge_corner_radius":0,"sale_badge_color_scheme":"scheme-5","sold_out_badge_color_scheme":"scheme-1","brand_headline":"","brand_description":"<p><\/p>","brand_image_width":100,"social_facebook_link":"","social_instagram_link":"https:\/\/www.instagram.com\/momonaskin\/","social_youtube_link":"","social_tiktok_link":"","social_twitter_link":"","social_snapchat_link":"","social_pinterest_link":"","social_tumblr_link":"","social_vimeo_link":"","predictive_search_enabled":true,"predictive_search_show_vendor":false,"predictive_search_show_price":false,"currency_code_enabled":true,"cart_type":"drawer","show_vendor":true,"show_cart_note":true,"cart_drawer_collection":"","cart_color_scheme":"scheme-1","hide_tiers":true,"tier_2_price":100,"free_product":"free-gua-sha","sections":{"main-password-header":{"type":"main-password-header","settings":{"color_scheme":"scheme-1"}},"main-password-footer":{"type":"main-password-footer","settings":{"color_scheme":"scheme-1"}}},"content_for_index":[],"blocks":{"15181020662106344915":{"type":"shopify:\/\/apps\/judge-me-reviews\/blocks\/popup_widget\/61ccd3b1-a9f2-4160-9fe9-4fec8413e5d8","disabled":true,"settings":{}},"14060646107696862457":{"type":"shopify:\/\/apps\/judge-me-reviews\/blocks\/judgeme_core\/61ccd3b1-a9f2-4160-9fe9-4fec8413e5d8","disabled":false,"settings":{}},"7147999719060634790":{"type":"shopify:\/\/apps\/gsc-countdown-timer\/blocks\/countdown-bar\/58dc5b1b-43d2-4209-b1f3-52aff31643ed","disabled":true,"settings":{}},"16798170927650018749":{"type":"shopify:\/\/apps\/recharge-subscriptions\/blocks\/storefront-experiences\/371eed76-0b44-4869-9813-730372ea378e","disabled":false,"settings":{}},"17151115064775110295":{"type":"shopify:\/\/apps\/recharge-subscriptions\/blocks\/recharge-theme\/371eed76-0b44-4869-9813-730372ea378e","disabled":false,"settings":{"color_brand":"#467c99","contrast_color":"#ffffff","color_brand_secondary":"#467c99","corners":"8px","app_background":"#f9f8f4","app_container":1200,"app_vertical_padding":32,"images_aspect_ratio":"1","cards_background":"#ffffff","cards_border_color":"rgba(0,0,0,0)"}},"17428600031447253342":{"type":"shopify:\/\/apps\/attentive\/blocks\/attn-tag\/8df62c72-8fe4-407e-a5b3-72132be30a0d","disabled":false,"settings":{}}},"color_schemes":{"scheme-1":{"settings":{"background":"#ddd9cf","background_gradient":"","text":"#30231a","button":"#7e3823","button_label":"#ddd9cf","secondary_button_label":"#7e3823","shadow":"#7e3823"}},"scheme-2":{"settings":{"background":"#967353","background_gradient":"","text":"#ffffff","button":"#eeeee6","button_label":"#11151c","secondary_button_label":"#eeeee6","shadow":"#11151c"}},"scheme-3":{"settings":{"background":"#11151c","background_gradient":"","text":"#ffffff","button":"#ffffff","button_label":"#11151c","secondary_button_label":"#ffffff","shadow":"#11151c"}},"scheme-4":{"settings":{"background":"#d27116","background_gradient":"","text":"#dfdfd8","button":"#dfdfd8","button_label":"#855832","secondary_button_label":"#dfdfd8","shadow":"#11151c"}},"scheme-5":{"settings":{"background":"#e34234","background_gradient":"","text":"#ffffff","button":"#dfdfd8","button_label":"#4c6762","secondary_button_label":"#dfdfd8","shadow":"#11151c"}}}},"presets":{"Default":{"logo_width":160,"color_schemes":{"scheme-1":{"settings":{"background":"#dfdfd8","background_gradient":"","text":"#11151c","button":"#855832","button_label":"#dfdfd8","secondary_button_label":"#855832","shadow":"#11151c"}},"scheme-2":{"settings":{"background":"#ffffff","background_gradient":"","text":"#11151c","button":"#11151c","button_label":"#ffffff","secondary_button_label":"#11151c","shadow":"#11151c"}},"scheme-3":{"settings":{"background":"#11151c","background_gradient":"","text":"#ffffff","button":"#ffffff","button_label":"#11151c","secondary_button_label":"#ffffff","shadow":"#11151c"}},"scheme-4":{"settings":{"background":"#855832","background_gradient":"","text":"#dfdfd8","button":"#dfdfd8","button_label":"#855832","secondary_button_label":"#dfdfd8","shadow":"#11151c"}},"scheme-5":{"settings":{"background":"#4c6762","background_gradient":"","text":"#dfdfd8","button":"#dfdfd8","button_label":"#4c6762","secondary_button_label":"#dfdfd8","shadow":"#11151c"}}},"type_header_font":"fs_kim_n5","heading_scale":130,"type_body_font":"fs_koopman_n4","body_scale":100,"page_width":1200,"spacing_sections":0,"spacing_grid_horizontal":40,"spacing_grid_vertical":40,"animations_reveal_on_scroll":true,"animations_hover_elements":"none","buttons_border_thickness":1,"buttons_border_opacity":100,"buttons_radius":0,"buttons_shadow_opacity":0,"buttons_shadow_horizontal_offset":0,"buttons_shadow_vertical_offset":4,"buttons_shadow_blur":5,"variant_pills_border_thickness":1,"variant_pills_border_opacity":100,"variant_pills_radius":0,"variant_pills_shadow_opacity":0,"variant_pills_shadow_horizontal_offset":0,"variant_pills_shadow_vertical_offset":4,"variant_pills_shadow_blur":5,"inputs_border_thickness":1,"inputs_border_opacity":100,"inputs_radius":0,"inputs_shadow_opacity":0,"inputs_shadow_horizontal_offset":0,"inputs_shadow_vertical_offset":4,"inputs_shadow_blur":5,"card_style":"standard","card_image_padding":0,"card_text_alignment":"left","card_color_scheme":"scheme-2","card_border_thickness":0,"card_border_opacity":10,"card_corner_radius":0,"card_shadow_opacity":0,"card_shadow_horizontal_offset":0,"card_shadow_vertical_offset":4,"card_shadow_blur":5,"collection_card_border_opacity":10,"collection_card_shadow_opacity":0,"collection_card_shadow_vertical_offset":4,"collection_card_shadow_blur":5,"collection_card_style":"standard","collection_card_image_padding":0,"collection_card_text_alignment":"left","collection_card_color_scheme":"scheme-2","collection_card_border_thickness":0,"collection_card_corner_radius":0,"collection_card_shadow_horizontal_offset":0,"blog_card_style":"standard","blog_card_image_padding":0,"blog_card_text_alignment":"left","blog_card_color_scheme":"scheme-2","blog_card_border_thickness":0,"blog_card_border_opacity":10,"blog_card_corner_radius":0,"blog_card_shadow_opacity":0,"blog_card_shadow_horizontal_offset":0,"blog_card_shadow_vertical_offset":4,"blog_card_shadow_blur":5,"text_boxes_border_thickness":0,"text_boxes_border_opacity":10,"text_boxes_radius":0,"text_boxes_shadow_opacity":0,"text_boxes_shadow_horizontal_offset":0,"text_boxes_shadow_vertical_offset":4,"text_boxes_shadow_blur":5,"media_border_thickness":0,"media_border_opacity":10,"media_radius":0,"media_shadow_opacity":0,"media_shadow_horizontal_offset":0,"media_shadow_vertical_offset":4,"media_shadow_blur":5,"popup_border_thickness":1,"popup_border_opacity":100,"popup_corner_radius":0,"popup_shadow_opacity":5,"popup_shadow_horizontal_offset":0,"popup_shadow_vertical_offset":4,"popup_shadow_blur":5,"drawer_border_thickness":1,"drawer_border_opacity":100,"drawer_shadow_opacity":0,"drawer_shadow_horizontal_offset":0,"drawer_shadow_vertical_offset":4,"drawer_shadow_blur":5,"badge_position":"top left","badge_corner_radius":0,"sale_badge_color_scheme":"scheme-5","sold_out_badge_color_scheme":"scheme-1","brand_headline":"","brand_description":"<p><\/p>","brand_image_width":100,"social_twitter_link":"","social_facebook_link":"","social_pinterest_link":"","social_instagram_link":"","social_tiktok_link":"","social_tumblr_link":"","social_snapchat_link":"","social_youtube_link":"","social_vimeo_link":"","predictive_search_enabled":true,"predictive_search_show_vendor":false,"predictive_search_show_price":false,"currency_code_enabled":true,"cart_type":"drawer","show_vendor":true,"show_cart_note":true,"cart_drawer_collection":"","cart_color_scheme":"scheme-1","sections":{"main-password-header":{"type":"main-password-header","settings":{"color_scheme":"scheme-1"}},"main-password-footer":{"type":"main-password-footer","settings":{"color_scheme":"scheme-1"}}}}}}