{"name":"t:sections.header.name","type":"header","sections":{"announcement_bar_69bQGn":{"type":"announcement-bar","blocks":{"announcement_3mBHHT":{"type":"announcement","settings":{"text":"Express Shipping Available","link":""}}},"block_order":["announcement_3mBHHT"],"name":"t:sections.announcement-bar.presets.name","settings":{"color_scheme":"scheme-2","show_line_separator":true,"show_social":false,"auto_rotate":false,"change_slides_speed":5,"enable_country_selector":false,"enable_language_selector":false}},"header":{"type":"header","custom_css":[".header {background: #fff;}"],"settings":{"logo_position":"middle-left","menu":"main-menu","menu_type_desktop":"dropdown","sticky_header_type":"reduce-logo-size","show_line_separator":false,"color_scheme":"scheme-1","menu_color_scheme":"scheme-1","enable_country_selector":false,"enable_language_selector":false,"enable_customer_avatar":true,"mobile_logo_position":"left","margin_bottom":0,"padding_top":16,"padding_bottom":16}},"g_cart_WtAR3d":{"type":"g-cart","disabled":true,"name":"Conversion Codex Cart","settings":{"hide_tiers":false,"tier_1_title":"","tier_1_price":0,"tier_2_title":"","tier_2_price":0,"free_product":"free-gua-sha"}}},"order":["announcement_bar_69bQGn","header","g_cart_WtAR3d"]}