{"sections":{"hero_mW7QFP":{"type":"hero","name":"hero","settings":{"image":"shopify:\/\/shop_images\/Clae_Header_1_1.jpg","title":"Skincare Simplified™","subtitle":"One Ingredient, Redefined."}},"rooted_wNhqA8":{"type":"rooted","name":"rooted","settings":{"title":"Rooted in ancestral wisdom, crafted in its purest form. Your skin deserves nothing less.","button_text":"SHOP SUPER TALLOW™","button_link":"shopify:\/\/products\/super-tallow"}},"ist_M6HrAb":{"type":"ist","blocks":{"images_YNYxDY":{"type":"images","settings":{"image":"shopify:\/\/shop_images\/Clae_Tallow-Jar-Open-R.jpg"}}},"block_order":["images_YNYxDY"],"name":"Introducing Super Tallow","settings":{"image":"shopify:\/\/shop_images\/image_21eb7664-225e-46ef-bd79-4df12243dfe3.jpg","title":"Introducing<br> Super Tallow™","content":"<p>100% Grass-Fed.<br\/>100% Grass-Finished.<br\/>Third Party Lab Tested.<br\/>Made in USA.<br\/>Unscented.<br\/>Non-Toxic.<br\/>No Seed Oils.<br\/>Baby-Safe.<br\/>Vitamin Rich.<br\/>Ultra-Hydrating.<br\/>Non-Comedogenic.<\/p>","link_text":"Shop now","link":"shopify:\/\/products\/super-tallow"}},"ingredient_benefits_6hjx6n":{"type":"ingredient-benefits","blocks":{"block_6VCV6d":{"type":"block","settings":{"icon":"shopify:\/\/shop_images\/icon-1.svg","title":"Barrier Support","content":"Restores your skin’s natural protection."}},"block_EfmnqB":{"type":"block","settings":{"icon":"shopify:\/\/shop_images\/icon-2.svg","title":"Nutrient Rich","content":"Packed with vitamins A, D, E and K for a healthy glow."}},"block_G6rdp8":{"type":"block","settings":{"icon":"shopify:\/\/shop_images\/icon-3.svg","title":"Gentle on All Skin","content":"Perfect for sensitive, dry, or combination skin."}},"block_CrHUP4":{"type":"block","settings":{"icon":"shopify:\/\/shop_images\/icon-4.svg","title":"Deep Hydration","content":"Locks in moisture for soft, supple skin."}}},"block_order":["block_6VCV6d","block_EfmnqB","block_G6rdp8","block_CrHUP4"],"name":"Ingredient Benefits","settings":{"title":"One Ingredient. Endless Benefits."}},"banners_JdTTBt":{"type":"banners","name":"Photography Banners","settings":{"title":"","image":"shopify:\/\/shop_images\/ClaeWildBeach30_1.jpg","button_text":"","button_link":""}},"testimonials_mCCBgd":{"type":"testimonials","blocks":{"reviews_A4gXQE":{"type":"reviews","settings":{"image":"shopify:\/\/shop_images\/1.png","review":"I’ve always been wary of conventional skin care products due to their long list of unrecognizable ingredients. I feel very fortunate to have found this product. Thank you for bringing it to market!","name":"Michele M.","position":"Verified Customer"}},"reviews_gBzfGj":{"type":"reviews","settings":{"image":"shopify:\/\/shop_images\/2.png","review":"Omg my dull, dry, and broken out skin from fertility meds is so happy now. I barely have to wear makeup and someone thought I was 19 and SHOCKED when I mentioned my age and that I was married and a mom. I am a customer for life!","name":"Brittany N.","position":"Verified Customer"}},"reviews_8Cz3ha":{"type":"reviews","settings":{"image":"shopify:\/\/shop_images\/3.png","review":"Amazing customer service and even better product. Skin has never been better and I don't have to worry about harmful chemicals.","name":"Lee K.","position":"Verified Customer"}}},"block_order":["reviews_A4gXQE","reviews_gBzfGj","reviews_8Cz3ha"],"name":"Testimonials","settings":{"title":"Written in Radiance","content":"See how Super Tallow™ is redefining skincare, one glowing transformation at a time."}},"our_story_QbfCFD":{"type":"our-story","name":"Our Story","settings":{"image":"shopify:\/\/shop_images\/EC4E1C1B-B22F-418B-B3FF-453EBD593F01_1.jpg","title":"A Journey to a Cleaner, Non-toxic Lifestyle","subtitle":"Our Story","content":"<p>Stacie spent years in the modeling world, where she was surrounded by mainstream skincare that eventually led to stubborn breakouts in her twenties. Frustrated, she dug deep and discovered the wonders of pure, non-toxic beef tallow. It was a game changer. Soon, she had her husband, Slater a lifelong surfer from Hawaii just as hooked on tallow’s magic for his skin. When their best friend Tyler, who had spent years behind the scenes helping build other beauty brands, joined forces with them, everything clicked. Together, they set out to build a skincare brand rooted in truth and simplicity—because they were tired of hidden toxic ingredients in most skincare. That’s how Clae was born; a brand committed to honesty, transparency, and the belief that the best skincare is skincare simplified.<\/p>"}},"banners_M3CWwT":{"type":"banners","name":"Photography Banners","settings":{"title":"","image":"shopify:\/\/shop_images\/Clae_Lifestyle-Woman-1.jpg","button_text":"Shop Clae","button_link":"shopify:\/\/products\/super-tallow"}}},"order":["hero_mW7QFP","rooted_wNhqA8","ist_M6HrAb","ingredient_benefits_6hjx6n","banners_JdTTBt","testimonials_mCCBgd","our_story_QbfCFD","banners_M3CWwT"]}