{"sections":{"main":{"type":"main-page","disabled":true,"settings":{"padding_top":36,"padding_bottom":76}},"mms_adv_banner_3BjYxj":{"type":"mms-adv-banner","blocks":{"review_widget_3QYQ7w":{"type":"review_widget","settings":{"rev_text_1":"“I have been using Super Tallow since September and my skin has never felt smoother. I love the creamy texture and the lack of a scent. I have given up chemically dense lotions in favor of this simple nutrient rich skin care solution.”","rev_name_1":"Cory B.","rev_text_2":"“I have been using Super Tallow since September and my skin has never felt smoother. I love the creamy texture and the lack of a scent. I have given up chemically dense lotions in favor of this simple nutrient rich skin care solution.”","rev_name_2":"Cory B.","rev_text_3":"“I have been using Super Tallow since September and my skin has never felt smoother. I love the creamy texture and the lack of a scent. I have given up chemically dense lotions in favor of this simple nutrient rich skin care solution.”","rev_name_3":"Cory B."}}},"block_order":["review_widget_3QYQ7w"],"settings":{"image":"shopify:\/\/shop_images\/adv-banner.png","title":"This One Ingredient Could Transform Your Skin Forever","content":"What if your moisturizer was actually making your skin worse? One single ingredient could be the solution your skin has been begging for. See why thousands of women are turning to Super Tallow for soft, hydrated skin.","cta_text":"Get Your Super Tallow Now","cta_url":"#product"}},"mms_adv_body_UU7Apn":{"type":"mms-adv-body","blocks":{"title_widget_tNAq34":{"type":"title-widget","settings":{"title":"Struggling With Dry, Irritated Skin? Here's What No One Tells You...","subtitle":""}},"image_text_G7PaYf":{"type":"image-text","settings":{"image":"shopify:\/\/shop_images\/adv-content-image-1.png","content":"<p>If your skin feels constantly dry no matter what you use, gets worse <br\/>during winter, or reacts to almost every product... you might be missing<br\/> one crucial element your skin desperately needs.<\/p><p>It’s easy to think this is just part of getting older, dealing with winter weather, or having “sensitive skin.”<\/p><p><em>But what if the real problem isn’t your skin – but what you're putting on it?<\/em><\/p>","quoted":"<p>Most moisturizers rely on water, cheap fillers, <br\/>and synthetic ingredients that sit on the surface of your skin without <br\/>truly nourishing it. Even the most expensive creams can’t fix dry skin <br\/>if they’re missing the essential nutrients your skin craves.<\/p><p>Here’s the surprising part: There is one simple <br\/>ingredient that’s been used for centuries to deeply hydrate and repair <br\/>skin... but it’s been overlooked by modern skincare.<\/p>","cta_text":"Get Your Super Tallow Now","cta_link":"","cta_bottom_text":"30 day money back guarantee"}},"title_widget_7TXPDA":{"type":"title-widget","settings":{"title":"In Fact, This Simple Ingredient Has Been Shown To...","subtitle":""}},"icons_QxCW8h":{"type":"icons","settings":{"icon_1":"shopify:\/\/shop_images\/mms-icon-1.png","text_1":"Repair damaged skin  caused by weather, age, and over-washing.","icon_2":"shopify:\/\/shop_images\/mms-icon-2.png","text_2":"Reduce redness, irritation, and sensitivity – perfect for those with delicate skin.","icon_3":"shopify:\/\/shop_images\/mms-icon-3.png","text_3":"Deeply hydrate without clogging pores, making it ideal for all skin types.","icon_4":"shopify:\/\/shop_images\/mms-icon-4.png","text_4":"Promote faster healing of cracked, dry skin and minor wounds.","icon_5":"shopify:\/\/shop_images\/mms-icon-5.png","text_5":"Deliver essential vitamins like A, D, E, and K directly to your skin."}},"title_widget_6HiykK":{"type":"title-widget","settings":{"title":"Meet Super Tallow – The Solution Your Skin Has Been Waiting For","subtitle":"Hydrate, heal, and protect your skin with the only nutrient-rich moisturizer your skin will ever need.Say goodbye to endless products – one simple ingredient is all your skin needs."}},"image_text_Q6aG7w":{"type":"image-text","settings":{"image":"shopify:\/\/shop_images\/adv-content-image-2.png","content":"<p><strong>Super Tallow<\/strong> is more than just another moisturizer – it’s a nutrient-rich, single-ingredient solution sourced from 100% grass-fed beef tallow.<\/p><p>Here’s why it works:<\/p><ul><li>Mimics the skin’s natural oils for deep, long-lasting hydration.<\/li><li>Packed with vitamins A, D, E, and K to repair, nourish, and protect your skin.<\/li><li>Free from synthetic fillers, fragrances, and seed oils – just pure, effective skincare.<\/li><\/ul><p><strong>But wait...<\/strong><\/p><p>But not all tallow is created equal.<\/p><p>Most tallow products on the market are poorly sourced, have strong odors, and leave a greasy residue that never fully absorbs. Super Tallow is made from 100% grass-fed cows, with a gentle process that preserves nutrients for your skin.<\/p><p><strong>Your skin deserves the best – and Super Tallow delivers.<\/strong><\/p>","quoted":"","cta_text":"Get Your Super Tallow Now","cta_link":"#product","cta_bottom_text":"30 day money back guarantee"}}},"block_order":["title_widget_tNAq34","image_text_G7PaYf","title_widget_7TXPDA","icons_QxCW8h","title_widget_6HiykK","image_text_Q6aG7w"],"settings":{}},"mms_table_xjdr6z":{"type":"mms-table","blocks":{"link_button_nHwFtz":{"type":"link_button","settings":{}},"block_WpxJfX":{"type":"block","settings":{"title":"100% Natural Ingredients"}},"block_cLDQBt":{"type":"block","settings":{"title":"Truly Unscented"}},"block_BcLVUH":{"type":"block","settings":{"title":"Deep, Long-Lasting Hydration"}},"block_cNwaFh":{"type":"block","settings":{"title":"Skin Barrier Support"}},"block_KJaamq":{"type":"block","settings":{"title":"Free from Additives & Fillers"}}},"block_order":["link_button_nHwFtz","block_WpxJfX","block_cLDQBt","block_BcLVUH","block_cNwaFh","block_KJaamq"],"custom_css":[".g-cta-bottom {padding: 10px 0px 0px 0px;}"],"settings":{"bg":"#f5e8de","title":"The Smarter, Natural Choice for Healthier Skin","brand_image":"shopify:\/\/shop_images\/table_image.png","brand_label":"Traditional Moisturizers","cta_text":"Experience the Difference","cta_url":"#product","cta_bg":"","cta_color":"","cta_bottom_icon_1":"shopify:\/\/shop_images\/freedelivery.png","cta_bottom_text_1":"Free Delivery","cta_bottom_icon_2":"shopify:\/\/shop_images\/Check_ring_1.svg","cta_bottom_text_2":"30 day money back guarantee"}},"mms_product_information_UGqtVM":{"type":"mms-product-information","blocks":{"buy_buttons_dPT4Vp":{"type":"buy_buttons","settings":{"show_dynamic_checkout":false,"show_gift_card_recipient":true,"show_prices":false}},"icon_text_3agdek":{"type":"icon-text","settings":{"icon":"shopify:\/\/shop_images\/pdp_icon_1.png","title":"<p><strong>Truly Unscented –<\/strong>  A clean, natural moisturiser with no overpowering scent.<\/p>"}},"icon_text_McaPjN":{"type":"icon-text","settings":{"icon":"shopify:\/\/shop_images\/ing_1.png","title":"<p><strong>Deep Hydration <\/strong>–  Locks in moisture for soft, smooth, and radiant skin.<\/p>"}},"icon_text_abQyaW":{"type":"icon-text","settings":{"icon":"shopify:\/\/shop_images\/pdp_icon_3.png","title":"<p><strong>Single-Ingredient Purity <\/strong>–  Made from 100% grass-fed beef tallow, free of additives.<\/p>"}},"usps_Q93zUR":{"type":"usps","settings":{"usp_icon":"shopify:\/\/shop_images\/momona_usp_1.png","usp_text":"One Month Supply"}},"usps_eRY4LF":{"type":"usps","settings":{"usp_icon":"shopify:\/\/shop_images\/momona_usp_2.png","usp_text":"FREE Shipping"}},"usps_3yqDQ6":{"type":"usps","settings":{"usp_icon":"shopify:\/\/shop_images\/momona_usp_3.png","usp_text":"30 day money back guarantee"}},"usps_qTBDpN":{"type":"usps","settings":{"usp_icon":"shopify:\/\/shop_images\/momona_usp_4.png","usp_text":"Pause or cancel anytime"}},"usps_K4LyUL":{"type":"usps","settings":{"usp_icon":"shopify:\/\/shop_images\/momona_usp_5.png","usp_text":"10% off your monthly orders"}}},"block_order":["buy_buttons_dPT4Vp","icon_text_3agdek","icon_text_McaPjN","icon_text_abQyaW","usps_Q93zUR","usps_eRY4LF","usps_3yqDQ6","usps_qTBDpN","usps_K4LyUL"],"custom_css":[".g-pdp-wrapper {background: #fdf7f2;}"],"settings":{"product":"super-tallow™-facial-moisturizer","rev_text":"Rated 4.9 \/ 5.0 | 121 Reviews","ctm_description":"<p>Made from grass-fed beef tallow, this single-ingredient moisturizer nourishes deeply, leaving your skin soft, smooth, and radiant.<\/p><h3>Super Tallow™ Facial Moisturizer<\/h3><p><\/p>","show_thumbnail":true,"accord_title_1":"About Super Tallow™","accord_title_2":"Application","accord_content_2":"","accord_title_3":"Shipping & Returns","accord_content_3":"","accord_title_4":"","accord_content_4":"","cta_bg":"#3c2d18","cta_color":"","cta_bottom_icon_1":"shopify:\/\/shop_images\/freedelivery.png","cta_bottom_text_1":"Free Delivery","cta_bottom_icon_2":"shopify:\/\/shop_images\/Check_ring_1.svg","cta_bottom_text_2":"30 day money back guarantee","callout_text":"Best Value","app_per_day":"$1.20 \/ day"}},"mms_image_text_blocks_JjfRpy":{"type":"mms-image-text-blocks","blocks":{"block_V97ywD":{"type":"block","settings":{"image":"shopify:\/\/shop_images\/benefit_1.png","content":"I've always been wary of conventional skin care products due to their long list of unrecognizable ingredients. I feel very fortunate to have found this product. Thank you for bringing it to market!","name":"Michele M."}},"block_ykDV8p":{"type":"block","settings":{"image":"shopify:\/\/shop_images\/review_2.png","content":"This stuff is the best. It’s so gentle on the skin & helped with some discoloration around my nose. I was worried to try because I have sensitive skin, but wow! Will be buying again!","name":"K.M."}},"block_KXh3FQ":{"type":"block","settings":{"image":"shopify:\/\/shop_images\/review_3.png","content":"Amazing customer service and even better product. Skin has never been better and I don’t have to worry about harmful chemicals.","name":"Lee K."}},"block_NYfyEy":{"type":"block","settings":{"image":"shopify:\/\/shop_images\/benefit_3.png","content":"Amazing customer service and even better product. Skin has never been better and I don’t have to worry about harmful chemicals.","name":"Lee M."}}},"block_order":["block_V97ywD","block_ykDV8p","block_KXh3FQ","block_NYfyEy"],"settings":{"bg":"#f5e8de","title":"Stories Written in Radiance","subtitle":"See how Super Tallow™ is redefining skincare, one glowing transformation at a time."}},"mms_videos_zFYEK7":{"type":"mms-videos","settings":{"bg":"","title":"","subtitle":""}},"mms_adv_minibanner_mwgMTQ":{"type":"mms-adv-minibanner","settings":{"image":"shopify:\/\/shop_images\/free-hand.png","title":"Try Super Tallow Completely Risk-Free for 30 Days!","subtitle":"Enjoy soft, hydrated, and glowing skin – or get your money back, no questions asked.This is your chance to experience the difference one ingredient can make.","cta_text":"Get Your Super Tallow Now","cta_link":"#product","cta_bottom_text":"30 day money back guarantee"}},"mms_common_questions_yEAXBm":{"type":"mms-common-questions","blocks":{"link_button_63YJkB":{"type":"link_button","settings":{}},"block_kB96Nb":{"type":"block","settings":{"question":"What is tallow?","answer":""}},"block_PtUGbB":{"type":"block","settings":{"question":"What makes Super Tallow™ \"super\"?","answer":""}},"block_PLJcTH":{"type":"block","settings":{"question":"Does it have a smell?","answer":""}},"block_b6LEFy":{"type":"block","settings":{"question":"Does it cause breakouts?","answer":""}},"block_LbJgeV":{"type":"block","settings":{"question":"When should I use it?","answer":""}},"block_FRBPH9":{"type":"block","settings":{"question":"How should I store it?","answer":""}},"block_BYTRP7":{"type":"block","settings":{"question":"Where can I get support?","answer":""}},"block_tzUKYU":{"type":"block","settings":{"question":"Is it baby\/pregnancy-safe?","answer":""}},"block_zjV9pN":{"type":"block","settings":{"question":"Do you ship internationally?","answer":""}},"block_JQcAyV":{"type":"block","settings":{"question":"How much should I use?","answer":""}}},"block_order":["link_button_63YJkB","block_kB96Nb","block_PtUGbB","block_PLJcTH","block_b6LEFy","block_LbJgeV","block_FRBPH9","block_BYTRP7","block_tzUKYU","block_zjV9pN","block_JQcAyV"],"settings":{"bg":"#fdf7f2","title":"Frequently Asked Questions","cta_text":"Experience the Difference","cta_url":"","cta_bg":"","cta_color":"","cta_bottom_icon_1":"shopify:\/\/shop_images\/freedelivery.png","cta_bottom_text_1":"Free Delivery","cta_bottom_icon_2":"shopify:\/\/shop_images\/Check_ring_1.svg","cta_bottom_text_2":"30 day money back guarantee"}}},"order":["main","mms_adv_banner_3BjYxj","mms_adv_body_UU7Apn","mms_table_xjdr6z","mms_product_information_UGqtVM","mms_image_text_blocks_JjfRpy","mms_videos_zFYEK7","mms_adv_minibanner_mwgMTQ","mms_common_questions_yEAXBm"]}