{"sections":{"main":{"type":"main-page","disabled":true,"settings":{"padding_top":36,"padding_bottom":76}},"mms_listicle_image_text_NNqJ6H":{"type":"mms-listicle-image-text","settings":{"image":"shopify:\/\/shop_images\/Momona_Skin_Beef_Tallow_Facial_Moisturizer_PDP_model_swatch.png","ratings":"<p>Rated <strong>4.9<\/strong> by <strong>12,000+<\/strong> Happy Customers<\/p>","title":"7 Reasons Why Women Are Ditching Expensive Skincare for This 100-Year-Old Beauty Secret","subtitle":"You might be surprised to learn that an ancient, all-natural ingredient could be the best moisturizer you’ll ever need.","cta_text":"Get Your Super Tallow Now","cta_link":"#product","cta_bottom_text":"30 day money back guarantee"}},"mms_listicle_blocks_hBNRTa":{"type":"mms-listicle-blocks","blocks":{"image_text_96eCQD":{"type":"image-text","settings":{"image":"shopify:\/\/shop_images\/block-image-1.jpg","title":"1. The One-Ingredient Skincare Revolution That Makes $200 Creams Look Like Snake Oil","content":"<p>While most moisturizers are packed with 20+ ingredients (half of which you can’t pronounce), including fillers and preservatives that can cause irritation, Super Tallow is different.<br\/><br\/><strong>Super Tallow contains exactly ONE ingredient: A 100% pure, grass-fed beef tallow moisturizer.<\/strong> <\/p><p>No fillers, No preservatives, No fragrance (which can legally hide up to 4,000 chemicals) that has been used for centuries to heal, hydrate, and transform skin.<br\/><\/p>"}},"image_text_hAwHCN":{"type":"image-text","settings":{"image":"shopify:\/\/shop_images\/block-image-3.png","title":"2. REVEALED: The Centuries-Old Beauty Secret Modern Brands Don’t Want You to Know","content":"<p>Before the rise of synthetic skincare, tallow was the go-to moisturizer for generations. It’s been used for centuries to heal, protect, and nourish skin.  <\/p><p>Here’s the truth: Big skincare brands don’t want you to know about tallow because it’s a simple, effective alternative that challenges their profit-driven industry. <\/p><p>But why settle for overpriced, chemical-laden products when you can use something that’s stood the test of time?  <\/p>"}},"image_text_UJRpdg":{"type":"image-text","settings":{"image":"shopify:\/\/shop_images\/block-image-5.png","title":"3. Nature's Perfect Match: Why Your Skin Recognizes This Ingredient As Its Own","content":"<p>Here's a truth the beauty industry doesn't want you to discover, and even this is backed by science: beef tallow has an almost identical lipid profile to human skin. <\/p><p>This means it absorbs effortlessly, <strong>nourishing your skin deeply without clogging pores, <\/strong>unlike water-based moisturizers that evaporate quickly.<\/p><p><strong>Why does this matter? <\/strong>Because most moisturizers only hydrate the surface, leaving your <strong>skin dry and flaky within hours<\/strong>. <\/p><p>Super Tallow works at a <strong>cellular level, repairing your skin barrier<\/strong> and locking in moisture for 24\/7 hydration.<br\/><br\/><\/p>"}},"image_text_B4QgiQ":{"type":"image-text","settings":{"image":"shopify:\/\/shop_images\/block-image-2.png","title":"4. The Essential Vitamins Your Expensive Moisturizer Leaves Out (And Why Your Skin Is Begging For Them)","content":"<p>Your skin craves vitamins, but synthetic versions in most skincare products are poorly absorbed. <\/p><p>Super Tallow is packed with vitamins A, D, E, and K - all in their most bioavailable form. These nutrients work synergistically to:<\/p><ul><li>Stimulates collagen production (goodbye, fine lines)<\/li><li>Accelerate cell turnover (hello, glowing skin)<\/li><li>Fights free radical damage (take that, premature aging)<\/li><li>Support your skin barrier (see ya, sensitivity)<\/li><\/ul>"}},"image_text_wUGhFV":{"type":"image-text","settings":{"image":"shopify:\/\/shop_images\/Picture_tuyiun6tuii54e0mzxtn_838e5f43-e99f-4e2d-abe0-57b656318a4e_jpg.png","title":"5. See Smoother, Hydrated, Glowing Skin in Just Days - Not Weeks or Months.","content":"<p>Let’s be honest: most skincare products promise the world but take forever to show results. Super Tallow is different.  <\/p><p>Within just days of using it, you’ll notice:  <\/p><p>✅ Softer, more hydrated skin  <\/p><p>✅ Reduces redness and irritation  <\/p><p>✅ Faster healing of dry patches and sensitive areas  <\/p><p>Its nutrient-dense formula penetrates deeply, providing immediate relief and lasting benefits. <\/p><p>Whether you’re dealing with dryness, redness, or sensitivity, Super Tallow works quickly to give you the glowing, healthy skin you deserve. <\/p>"}}},"block_order":["image_text_96eCQD","image_text_hAwHCN","image_text_UJRpdg","image_text_B4QgiQ","image_text_wUGhFV"],"settings":{}},"mms_image_text_blocks_JjfRpy":{"type":"mms-image-text-blocks","blocks":{"block_V97ywD":{"type":"block","settings":{"image":"shopify:\/\/shop_images\/benefit_1.png","content":"I've always been wary of conventional skin care products due to their long list of unrecognizable ingredients. I feel very fortunate to have found this product. Thank you for bringing it to market!","name":"Michele M."}},"block_ykDV8p":{"type":"block","settings":{"image":"shopify:\/\/shop_images\/review_2.png","content":"This stuff is the best. It’s so gentle on the skin & helped with some discoloration around my nose. I was worried to try because I have sensitive skin, but wow! Will be buying again!","name":"K.M."}},"block_KXh3FQ":{"type":"block","settings":{"image":"shopify:\/\/shop_images\/review_3.png","content":"Amazing customer service and even better product. Skin has never been better and I don’t have to worry about harmful chemicals.","name":"Lee K."}},"block_NYfyEy":{"type":"block","settings":{"image":"shopify:\/\/shop_images\/benefit_3.png","content":"Amazing customer service and even better product. Skin has never been better and I don’t have to worry about harmful chemicals.","name":"Lee M."}}},"block_order":["block_V97ywD","block_ykDV8p","block_KXh3FQ","block_NYfyEy"],"settings":{"bg":"#f5e8de","title":"Stories Written in Radiance","subtitle":"See how Super Tallow™ is redefining skincare, one glowing transformation at a time."}},"mms_product_information_UGqtVM":{"type":"mms-product-information","blocks":{"buy_buttons_dPT4Vp":{"type":"buy_buttons","settings":{"show_dynamic_checkout":false,"show_gift_card_recipient":true,"show_prices":false}},"icon_text_3agdek":{"type":"icon-text","settings":{"icon":"shopify:\/\/shop_images\/pdp_icon_1.png","title":"<p><strong>Truly Unscented –<\/strong>  A clean, natural moisturiser with no overpowering scent.<\/p>"}},"icon_text_McaPjN":{"type":"icon-text","settings":{"icon":"shopify:\/\/shop_images\/ing_1.png","title":"<p><strong>Deep Hydration <\/strong>–  Locks in moisture for soft, smooth, and radiant skin.<\/p>"}},"icon_text_abQyaW":{"type":"icon-text","settings":{"icon":"shopify:\/\/shop_images\/pdp_icon_3.png","title":"<p><strong>Single-Ingredient Purity <\/strong>–  Made from 100% grass-fed beef tallow, free of additives.<\/p>"}},"usps_Q93zUR":{"type":"usps","settings":{"usp_icon":"shopify:\/\/shop_images\/momona_usp_1.png","usp_text":"One Month Supply"}},"usps_eRY4LF":{"type":"usps","settings":{"usp_icon":"shopify:\/\/shop_images\/momona_usp_2.png","usp_text":"FREE Shipping"}},"usps_3yqDQ6":{"type":"usps","settings":{"usp_icon":"shopify:\/\/shop_images\/momona_usp_3.png","usp_text":"30 day money back guarantee"}},"usps_qTBDpN":{"type":"usps","settings":{"usp_icon":"shopify:\/\/shop_images\/momona_usp_4.png","usp_text":"Pause or cancel anytime"}},"usps_K4LyUL":{"type":"usps","settings":{"usp_icon":"shopify:\/\/shop_images\/momona_usp_5.png","usp_text":"10% off your monthly orders"}},"review_widget_kLmMBi":{"type":"review_widget","settings":{"rev_text_1":"“I have been using Super Tallow since September and my skin has never felt smoother. I love the creamy texture and the lack of a scent. I have given up chemically dense lotions in favor of this simple nutrient rich skin care solution.”","rev_name_1":"Cory B.","rev_text_2":"","rev_name_2":"","rev_text_3":"","rev_name_3":""}},"pdp_col_icons_EyHVea":{"type":"pdp_col_icons","settings":{"icon_1":"shopify:\/\/shop_images\/pdp-icon-1.png","text_1":"Seed Oil Free","icon_2":"shopify:\/\/shop_images\/pdp-icon-2.png","text_2":"High In Vitamins","icon_3":"shopify:\/\/shop_images\/pdp-icon-3.png","text_3":"Pure Tallow"}}},"block_order":["buy_buttons_dPT4Vp","icon_text_3agdek","icon_text_McaPjN","icon_text_abQyaW","usps_Q93zUR","usps_eRY4LF","usps_3yqDQ6","usps_qTBDpN","usps_K4LyUL","review_widget_kLmMBi","pdp_col_icons_EyHVea"],"custom_css":[".g-pdp-wrapper {background: #fdf7f2;}"],"settings":{"product":"super-tallow™-facial-moisturizer","rev_text":"Rated 4.9 \/ 5.0 | 121 Reviews","ctm_description":"<p>Made from grass-fed beef tallow, this single-ingredient moisturizer nourishes deeply, leaving your skin soft, smooth, and radiant.<\/p><h3>Super Tallow™ Facial Moisturizer<\/h3><p><\/p>","show_thumbnail":true,"show_limited_edition":true,"limited_edition":"<p>+ FREE Limited Edition Bandana <br\/>(<strong>$20<\/strong> value)<\/p>","limited_edition_image":"shopify:\/\/shop_images\/bandana.png","accord_title_1":"About Super Tallow™","accord_title_2":"","accord_content_2":"","accord_title_3":"Application","accord_content_3":"<p>A little goes a long way: gently apply a pea sized amount. After 5-10 minutes it will deeply absorb, providing lasting hydration.<br\/><\/p>","accord_title_4":"","accord_content_4":"","show_ctm_limited":false,"cta_limited":"<p>+ FREE Limited Edition Bandana <br\/>(<strong>$20<\/strong> value)<\/p>","cta_bg":"#3c2d18","cta_color":"","cta_bottom_icon_1":"shopify:\/\/shop_images\/freedelivery.png","cta_bottom_text_1":"Free Delivery","cta_bottom_icon_2":"shopify:\/\/shop_images\/Check_ring_1.svg","cta_bottom_text_2":"30 day money back guarantee","callout_text":"Best Value","ot_callout_text":"","app_per_day":""}},"mms_table_xjdr6z":{"type":"mms-table","blocks":{"link_button_nHwFtz":{"type":"link_button","settings":{}},"block_WpxJfX":{"type":"block","settings":{"title":"100% Natural Ingredients"}},"block_cLDQBt":{"type":"block","settings":{"title":"Truly Unscented"}},"block_BcLVUH":{"type":"block","settings":{"title":"Deep, Long-Lasting Hydration"}},"block_cNwaFh":{"type":"block","settings":{"title":"Skin Barrier Support"}},"block_KJaamq":{"type":"block","settings":{"title":"Free from Additives & Fillers"}}},"block_order":["link_button_nHwFtz","block_WpxJfX","block_cLDQBt","block_BcLVUH","block_cNwaFh","block_KJaamq"],"custom_css":[".g-cta-bottom {padding: 10px 0px 0px 0px;}"],"settings":{"bg":"#f5e8de","title":"The Smarter, Natural Choice for Healthier Skin","brand_image":"shopify:\/\/shop_images\/table_image.png","brand_label":"Traditional Moisturizers","cta_text":"Experience the Difference","cta_url":"#product","cta_bg":"","cta_color":"","cta_bottom_icon_1":"shopify:\/\/shop_images\/freedelivery.png","cta_bottom_text_1":"Free Delivery","cta_bottom_icon_2":"shopify:\/\/shop_images\/Check_ring_1.svg","cta_bottom_text_2":"30 day money back guarantee"}},"mms_videos_zFYEK7":{"type":"mms-videos","settings":{"bg":"","title":"","subtitle":""}},"mms_adv_minibanner_mwgMTQ":{"type":"mms-adv-minibanner","settings":{"image":"shopify:\/\/shop_images\/free-hand.png","title":"Try Super Tallow Completely Risk-Free for 30 Days!","subtitle":"Enjoy soft, hydrated, and glowing skin – or get your money back, no questions asked.This is your chance to experience the difference one ingredient can make.","cta_text":"Get Your Super Tallow Now","cta_link":"#product","cta_bottom_text":"30 day money back guarantee"}},"mms_common_questions_yEAXBm":{"type":"mms-common-questions","blocks":{"link_button_63YJkB":{"type":"link_button","settings":{}},"block_kB96Nb":{"type":"block","settings":{"question":"What is tallow?","answer":"<p>Tallow is a single-ingredient moisturizer that has been used for thousands of years. It is sourced from the fatty tissue of cows, and is rich in vitamins A, D, E, and K. Tallow has a lipid profile similar to that of human skin, so it is easily absorbed and nourishing to the skin barrier.<br\/><\/p>"}},"block_PtUGbB":{"type":"block","settings":{"question":"What makes Super Tallow™ \"super\"?","answer":"<p>Super Tallow™ is incredibly high quality tallow. It has a luxe texture & consistency, is 100% unscented, and is sourced from the best sustainable farms. We believe that grass-fed, grass-finished, happy cows make the best tallow. If you have tried other tallow products, you will see a night and day difference versus Super Tallow™.<br\/><\/p>"}},"block_PLJcTH":{"type":"block","settings":{"question":"Does it have a smell?","answer":"<p>No. Our tallow is completely unscented. You may pick up a 'beefy' scent using other tallow products, but not Super Tallow™.<br\/><br\/><\/p>"}},"block_b6LEFy":{"type":"block","settings":{"question":"Does it cause breakouts?","answer":"<p>No! Tallow is non-comedogenic, meaning is does not clog pores.<br\/><br\/><\/p>"}},"block_LbJgeV":{"type":"block","settings":{"question":"When should I use it?","answer":"<p>Any time your skin feels like it needs nourishment or is dry. Fit it into your daily routine however works best for you - some people love Super Tallow™ in their morning routine, some in their evening routine, and some in both!<br\/><br\/><\/p>"}},"block_FRBPH9":{"type":"block","settings":{"question":"How should I store it?","answer":"<p>Tallow is naturally shelf-stable at room temperature, and does not need to be refrigerated. The texture & consistency will change in cold & heat, so try to store it at ~70 degrees.<br\/><br\/><\/p>"}},"block_BYTRP7":{"type":"block","settings":{"question":"Where can I get support?","answer":"<p>Email hello@momonaskin.com and we will be happy to support however we can!<br\/><br\/><\/p>"}},"block_tzUKYU":{"type":"block","settings":{"question":"Is it baby\/pregnancy-safe?","answer":"<p>Yes! Super Tallow™ is safe to use during pregnancy, breastfeeding, and on your baby.<br\/><br\/><\/p>"}},"block_zjV9pN":{"type":"block","settings":{"question":"Do you ship internationally?","answer":"<p>We do! Please bear with us as we try to get international shipping rates down.<br\/><br\/><\/p>"}},"block_JQcAyV":{"type":"block","settings":{"question":"How much should I use?","answer":"<p>A little goes a long way. We recommend a pea-to-penny sized amount. If you feel greasy, you are using too much.<br\/><br\/><\/p>"}}},"block_order":["link_button_63YJkB","block_kB96Nb","block_PtUGbB","block_PLJcTH","block_b6LEFy","block_LbJgeV","block_FRBPH9","block_BYTRP7","block_tzUKYU","block_zjV9pN","block_JQcAyV"],"settings":{"bg":"#fdf7f2","title":"Frequently Asked Questions","cta_text":"Experience the Difference","cta_url":"#product","cta_bg":"","cta_color":"","cta_bottom_icon_1":"shopify:\/\/shop_images\/freedelivery.png","cta_bottom_text_1":"Free Delivery","cta_bottom_icon_2":"shopify:\/\/shop_images\/Check_ring_1.svg","cta_bottom_text_2":"30 day money back guarantee"}}},"order":["main","mms_listicle_image_text_NNqJ6H","mms_listicle_blocks_hBNRTa","mms_image_text_blocks_JjfRpy","mms_product_information_UGqtVM","mms_table_xjdr6z","mms_videos_zFYEK7","mms_adv_minibanner_mwgMTQ","mms_common_questions_yEAXBm"]}