{"sections":{"main":{"type":"main-page","disabled":true,"settings":{"padding_top":36,"padding_bottom":76}},"mms_listicle_image_text_NNqJ6H":{"type":"mms-listicle-image-text","settings":{"image":"shopify:\/\/shop_images\/listicle-banner-2.png","ratings":"<p>Rated <strong>4.9<\/strong> by <strong>12,000+<\/strong> Happy Customers<\/p>","title":"5 Reasons Why Simplifying Your Skincare Routine with Super Tallow Can Transform Your Skin","subtitle":"“One ingredient changed my skin forever – and it can do the same for you.” - Lorin B.","cta_text":"Get Your Super Tallow Now","cta_link":"#product","cta_bottom_text":"30 day money back guarantee"}},"mms_listicle_blocks_hBNRTa":{"type":"mms-listicle-blocks","blocks":{"image_text_96eCQD":{"type":"image-text","settings":{"image":"shopify:\/\/shop_images\/block-image-1.jpg","title":"1. Super Tallow Clears Congested Skin and Reduces Breakouts","content":"<p>If you’ve struggled with acne, clogged pores, or inflammation, Super Tallow helps calm your skin and prevent future breakouts.<\/p><p>Its anti-inflammatory properties reduce redness and irritation, while providing essential nutrients to heal and balance your skin.<\/p><p>With regular use, your skin looks clearer, healthier, and more balanced.<\/p>"}},"image_text_hAwHCN":{"type":"image-text","settings":{"image":"shopify:\/\/shop_images\/block-image-2.png","title":"2. Super Tallow Helps Heal and Restore Skin Damaged by Overusing Products","content":"<p>If you’ve overwhelmed your skin with too many products, Super Tallow can give you a reset from a lengthy, unnecessary skincare routine.<\/p><p>It strengthens your skin barrier, replenishes lost moisture, and supports natural cell regeneration for faster healing.<\/p><p>Super Tallow helps your skin bounce back stronger, smoother, and healthier than ever.<\/p>"}},"image_text_UJRpdg":{"type":"image-text","settings":{"image":"shopify:\/\/shop_images\/block-image-3.png","title":"3. Super Tallow Balances Oil Production for Healthier Skin","content":"<p>Super Tallow provides the perfect balance of moisture, preventing your skin from producing excess oil.<\/p><p>It hydrates without clogging pores andensuring your skin stays fresh and hydrated throughout the day.<\/p><p>By mimicking your skin’s natural oils, it helps reduce breakouts caused by excessive sebum while maintaining optimal hydration.<\/p>"}},"image_text_B4QgiQ":{"type":"image-text","settings":{"image":"shopify:\/\/shop_images\/block-image-4.png","title":"4. Super Tallow Uses Only One Clean Ingredient with No Toxins","content":"<p>Super Tallow is made from 100% grass-fed beef tallow and free from chemicals, preservatives, and seed oils.<\/p><p>Its nutrient-rich formula nourishes your skin while protecting it from irritants found in many modern moisturizers and skin products.<\/p><p>No fillers, no fragrances, no harmful chemicals – just pure, simple skincare you can trust for you and your family.<\/p>"}},"image_text_wUGhFV":{"type":"image-text","settings":{"image":"shopify:\/\/shop_images\/block-image-5.png","title":"5. Super Tallow Replaces Multiple Skincare Products in Your Routine","content":"<p>Tired of using separate products for hydration, healing, and skin protection? Super Tallow does it all with just one ingredient.<\/p><p>Instead of cluttering your shelf with multiple moisturizers, serums, and creams, you can simplify your skincare routine and still achieve better results.<\/p><p>Super Tallow saves you time, money, and hassle – giving your skin everything it needs in one jar, with one ingredient.<\/p>"}}},"block_order":["image_text_96eCQD","image_text_hAwHCN","image_text_UJRpdg","image_text_B4QgiQ","image_text_wUGhFV"],"settings":{}},"mms_table_xjdr6z":{"type":"mms-table","blocks":{"link_button_nHwFtz":{"type":"link_button","settings":{}},"block_WpxJfX":{"type":"block","settings":{"title":"100% Natural Ingredients"}},"block_cLDQBt":{"type":"block","settings":{"title":"Truly Unscented"}},"block_BcLVUH":{"type":"block","settings":{"title":"Deep, Long-Lasting Hydration"}},"block_cNwaFh":{"type":"block","settings":{"title":"Skin Barrier Support"}},"block_KJaamq":{"type":"block","settings":{"title":"Free from Additives & Fillers"}}},"block_order":["link_button_nHwFtz","block_WpxJfX","block_cLDQBt","block_BcLVUH","block_cNwaFh","block_KJaamq"],"custom_css":[".g-cta-bottom {padding: 10px 0px 0px 0px;}"],"settings":{"bg":"#f5e8de","title":"The Smarter, Natural Choice for Healthier Skin","brand_image":"shopify:\/\/shop_images\/table_image.png","brand_label":"Traditional Moisturizers","cta_text":"Experience the Difference","cta_url":"#product","cta_bg":"","cta_color":"","cta_bottom_icon_1":"shopify:\/\/shop_images\/freedelivery.png","cta_bottom_text_1":"Free Delivery","cta_bottom_icon_2":"shopify:\/\/shop_images\/Check_ring_1.svg","cta_bottom_text_2":"30 day money back guarantee"}},"mms_product_information_UGqtVM":{"type":"mms-product-information","blocks":{"buy_buttons_dPT4Vp":{"type":"buy_buttons","settings":{"show_dynamic_checkout":false,"show_gift_card_recipient":true,"show_prices":false}},"icon_text_3agdek":{"type":"icon-text","settings":{"icon":"shopify:\/\/shop_images\/pdp_icon_1.png","title":"<p><strong>Truly Unscented –<\/strong>  A clean, natural moisturiser with no overpowering scent.<\/p>"}},"icon_text_McaPjN":{"type":"icon-text","settings":{"icon":"shopify:\/\/shop_images\/ing_1.png","title":"<p><strong>Deep Hydration <\/strong>–  Locks in moisture for soft, smooth, and radiant skin.<\/p>"}},"icon_text_abQyaW":{"type":"icon-text","settings":{"icon":"shopify:\/\/shop_images\/pdp_icon_3.png","title":"<p><strong>Single-Ingredient Purity <\/strong>–  Made from 100% grass-fed beef tallow, free of additives.<\/p>"}},"usps_Q93zUR":{"type":"usps","settings":{"usp_icon":"shopify:\/\/shop_images\/momona_usp_1.png","usp_text":"One Month Supply"}},"usps_eRY4LF":{"type":"usps","settings":{"usp_icon":"shopify:\/\/shop_images\/momona_usp_2.png","usp_text":"FREE Shipping"}},"usps_3yqDQ6":{"type":"usps","settings":{"usp_icon":"shopify:\/\/shop_images\/momona_usp_3.png","usp_text":"30 day money back guarantee"}},"usps_qTBDpN":{"type":"usps","settings":{"usp_icon":"shopify:\/\/shop_images\/momona_usp_4.png","usp_text":"Pause or cancel anytime"}},"usps_K4LyUL":{"type":"usps","settings":{"usp_icon":"shopify:\/\/shop_images\/momona_usp_5.png","usp_text":"10% off your monthly orders"}},"review_widget_kLmMBi":{"type":"review_widget","settings":{"rev_text_1":"“I have been using Super Tallow since September and my skin has never felt smoother. I love the creamy texture and the lack of a scent. I have given up chemically dense lotions in favor of this simple nutrient rich skin care solution.”","rev_name_1":"Cory B.","rev_text_2":"","rev_name_2":"","rev_text_3":"","rev_name_3":""}},"pdp_col_icons_EyHVea":{"type":"pdp_col_icons","settings":{"icon_1":"shopify:\/\/shop_images\/pdp-icon-1.png","text_1":"Seed Oil Free","icon_2":"shopify:\/\/shop_images\/pdp-icon-2.png","text_2":"High In Vitamins","icon_3":"shopify:\/\/shop_images\/pdp-icon-3.png","text_3":"Pure Tallow"}}},"block_order":["buy_buttons_dPT4Vp","icon_text_3agdek","icon_text_McaPjN","icon_text_abQyaW","usps_Q93zUR","usps_eRY4LF","usps_3yqDQ6","usps_qTBDpN","usps_K4LyUL","review_widget_kLmMBi","pdp_col_icons_EyHVea"],"custom_css":[".g-pdp-wrapper {background: #fdf7f2;}"],"settings":{"product":"super-tallow™-facial-moisturizer","rev_text":"Rated 4.9 \/ 5.0 | 121 Reviews","ctm_description":"<p>Made from grass-fed beef tallow, this single-ingredient moisturizer nourishes deeply, leaving your skin soft, smooth, and radiant.<\/p><h3>Super Tallow™ Facial Moisturizer<\/h3><p><\/p>","show_thumbnail":true,"accord_title_1":"About Super Tallow™","accord_title_2":"Tested and Proven","accord_content_2":"","accord_title_3":"Application","accord_content_3":"","accord_title_4":"Shipping & Returns","accord_content_4":"","cta_bg":"#3c2d18","cta_color":"","cta_bottom_icon_1":"shopify:\/\/shop_images\/freedelivery.png","cta_bottom_text_1":"Free Delivery","cta_bottom_icon_2":"shopify:\/\/shop_images\/Check_ring_1.svg","cta_bottom_text_2":"30 day money back guarantee","callout_text":"Best Value","app_per_day":"$1.20 \/ day"}},"mms_image_text_blocks_JjfRpy":{"type":"mms-image-text-blocks","blocks":{"block_V97ywD":{"type":"block","settings":{"image":"shopify:\/\/shop_images\/benefit_1.png","content":"I've always been wary of conventional skin care products due to their long list of unrecognizable ingredients. I feel very fortunate to have found this product. Thank you for bringing it to market!","name":"Michele M."}},"block_ykDV8p":{"type":"block","settings":{"image":"shopify:\/\/shop_images\/review_2.png","content":"This stuff is the best. It’s so gentle on the skin & helped with some discoloration around my nose. I was worried to try because I have sensitive skin, but wow! Will be buying again!","name":"K.M."}},"block_KXh3FQ":{"type":"block","settings":{"image":"shopify:\/\/shop_images\/review_3.png","content":"Amazing customer service and even better product. Skin has never been better and I don’t have to worry about harmful chemicals.","name":"Lee K."}},"block_NYfyEy":{"type":"block","settings":{"image":"shopify:\/\/shop_images\/benefit_3.png","content":"Amazing customer service and even better product. Skin has never been better and I don’t have to worry about harmful chemicals.","name":"Lee M."}}},"block_order":["block_V97ywD","block_ykDV8p","block_KXh3FQ","block_NYfyEy"],"settings":{"bg":"#f5e8de","title":"Stories Written in Radiance","subtitle":"See how Super Tallow™ is redefining skincare, one glowing transformation at a time."}},"mms_videos_zFYEK7":{"type":"mms-videos","settings":{"bg":"","title":"","subtitle":""}},"mms_adv_minibanner_mwgMTQ":{"type":"mms-adv-minibanner","settings":{"image":"shopify:\/\/shop_images\/free-hand.png","title":"Try Super Tallow Completely Risk-Free for 30 Days!","subtitle":"Enjoy soft, hydrated, and glowing skin – or get your money back, no questions asked.This is your chance to experience the difference one ingredient can make.","cta_text":"Get Your Super Tallow Now","cta_link":"#product","cta_bottom_text":"30 day money back guarantee"}},"mms_common_questions_yEAXBm":{"type":"mms-common-questions","blocks":{"link_button_63YJkB":{"type":"link_button","settings":{}},"block_kB96Nb":{"type":"block","settings":{"question":"What is tallow?","answer":""}},"block_PtUGbB":{"type":"block","settings":{"question":"What makes Super Tallow™ \"super\"?","answer":""}},"block_PLJcTH":{"type":"block","settings":{"question":"Does it have a smell?","answer":""}},"block_b6LEFy":{"type":"block","settings":{"question":"Does it cause breakouts?","answer":""}},"block_LbJgeV":{"type":"block","settings":{"question":"When should I use it?","answer":""}},"block_FRBPH9":{"type":"block","settings":{"question":"How should I store it?","answer":""}},"block_BYTRP7":{"type":"block","settings":{"question":"Where can I get support?","answer":""}},"block_tzUKYU":{"type":"block","settings":{"question":"Is it baby\/pregnancy-safe?","answer":""}},"block_zjV9pN":{"type":"block","settings":{"question":"Do you ship internationally?","answer":""}},"block_JQcAyV":{"type":"block","settings":{"question":"How much should I use?","answer":""}}},"block_order":["link_button_63YJkB","block_kB96Nb","block_PtUGbB","block_PLJcTH","block_b6LEFy","block_LbJgeV","block_FRBPH9","block_BYTRP7","block_tzUKYU","block_zjV9pN","block_JQcAyV"],"settings":{"bg":"#fdf7f2","title":"Frequently Asked Questions","cta_text":"Experience the Difference","cta_url":"#product","cta_bg":"","cta_color":"","cta_bottom_icon_1":"shopify:\/\/shop_images\/freedelivery.png","cta_bottom_text_1":"Free Delivery","cta_bottom_icon_2":"shopify:\/\/shop_images\/Check_ring_1.svg","cta_bottom_text_2":"30 day money back guarantee"}}},"order":["main","mms_listicle_image_text_NNqJ6H","mms_listicle_blocks_hBNRTa","mms_table_xjdr6z","mms_product_information_UGqtVM","mms_image_text_blocks_JjfRpy","mms_videos_zFYEK7","mms_adv_minibanner_mwgMTQ","mms_common_questions_yEAXBm"]}