{"sections":{"rich_text_WHmeWd":{"type":"rich-text","blocks":{"heading_HwtqRC":{"type":"heading","settings":{"heading":"Mission Momona","heading_size":"h2"}},"text_z9dAhe":{"type":"text","settings":{"text":"<p>This is the part where you might expect to roll your eyes at our delusions of grandeur, the bit where we promise you to save the planet through our greater-than-life <em>mission.<\/em> We think you’ve seen enough to know that this would be misguided. Instead, here’s what we can promise you hand on heart:<br\/><\/p>"}}},"block_order":["heading_HwtqRC","text_z9dAhe"],"settings":{"desktop_content_position":"center","content_alignment":"center","color_scheme":"","full_width":true,"padding_top":40,"padding_bottom":12}},"multicolumn_LBQm3z":{"type":"multicolumn","blocks":{"column_zKMwTM":{"type":"column","settings":{"title":"The mission is you","text":"<p>We focus on making you smile. Everything we do is to make you just a little bit happier. If we make your day 1% better, we’ve accomplished our mission.<\/p>","link_label":"","link":""}},"column_CCrrx7":{"type":"column","settings":{"title":"Only the good stuff","text":"<p>Our products are as pure as they possibly can be. That means you get all the benefits of radical hydration, without ingesting any artificial additives.<\/p>","link_label":"","link":""}},"column_TnEVmf":{"type":"column","settings":{"title":"Do the right thing","text":"<p>We don't cut corners. But we won't overwhelm you with information, either. So while our bottles are made of recycled plastic, you can take that for granted from us. Don’t even mention it.<\/p>","link_label":"","link":""}}},"block_order":["column_zKMwTM","column_CCrrx7","column_TnEVmf"],"settings":{"title":"","heading_size":"h1","image_width":"full","image_ratio":"adapt","columns_desktop":3,"column_alignment":"left","background_style":"primary","button_label":"","button_link":"","color_scheme":"","columns_mobile":"1","swipe_on_mobile":false,"padding_top":0,"padding_bottom":36}},"main":{"type":"main-page","disabled":true,"settings":{"padding_top":36,"padding_bottom":76}},"collage_j3p8ji":{"type":"collage","blocks":{"image_DH9GaL":{"type":"image","settings":{"image":"shopify:\/\/shop_images\/Screenshot_2024-06-26_133432.jpg"}},"image_GYchUK":{"type":"image","settings":{"image":"shopify:\/\/shop_images\/Screenshot_2024-06-26_133451.jpg"}}},"block_order":["image_DH9GaL","image_GYchUK"],"settings":{"heading":"","heading_size":"h2","desktop_layout":"left","mobile_layout":"column","card_styles":"product-card-wrapper","color_scheme":"","padding_top":0,"padding_bottom":36}}},"order":["rich_text_WHmeWd","multicolumn_LBQm3z","main","collage_j3p8ji"]}