{"sections":{"main":{"type":"main-page","disabled":true,"settings":{"padding_top":36,"padding_bottom":76}},"mms_adv_banner_3BjYxj":{"type":"mms-adv-banner","disabled":true,"custom_css":[".g-adv-banner {background: #fff;}"],"settings":{"image":"shopify:\/\/shop_images\/adv-banner.png","title":"This One Ingredient Could Transform Your Skin Forever","content":"What if your moisturizer was actually making your skin worse? One single ingredient could be the solution your skin has been begging for. See why thousands of women are turning to Super Tallow for soft, hydrated skin.","cta_text":"Get Your Super Tallow Now","cta_url":"#product"}},"mms_adv_banner_2_BYVUME":{"type":"mms-adv-banner-2","blocks":{"new_cta_M9izaA":{"type":"new_cta","settings":{"cta_text":"Get My Nontoxic Skincare","cta_url":"#product","cta_bottom_text":"20% OFF + FREE BANDANA with subscription","limited_time":"<p>Limited Time Offer: Valid until <strong>Apr 16th<\/strong><\/p>"}}},"block_order":["new_cta_M9izaA"],"settings":{"bg":"#ffffff","image":"shopify:\/\/shop_images\/mms-banner-2.png","floating_image":"shopify:\/\/shop_images\/seed-oil-safe.png","title":"One Ingredient Skincare Starts Here","content":"Meet Super Tallow™ — the only moisturizer approved by Seed Oil Scout. One ingredient. Sourced from 100% grass-fed, happy cows.","rev_text":"135+ 5-Star Reviews | ‘Excellent’"}},"mms_marquee_NQkR7p":{"type":"mms-marquee","blocks":{"marquee_VDVNyK":{"type":"marquee","settings":{"image":"shopify:\/\/shop_images\/Check_ring_1.svg","text":"Nontoxic & Unscented"}},"marquee_94KHaR":{"type":"marquee","settings":{"image":"shopify:\/\/shop_images\/Check_ring_1.svg","text":"Gentle on All Skin Types"}},"marquee_6GFm9c":{"type":"marquee","settings":{"image":"shopify:\/\/shop_images\/Check_ring_1.svg","text":"Deep Hydrating Glow"}}},"block_order":["marquee_VDVNyK","marquee_94KHaR","marquee_6GFm9c"],"settings":{"bg_color":"#fff9f2","text_color":"#000000","height":36,"icon_width":15,"animation":"ltr"}},"mms_adv_body_UU7Apn":{"type":"mms-adv-body","blocks":{"new_title_widget_Df6jFN":{"type":"new-title-widget","settings":{"title":"<h2>You Cut Seed Oils From Your Diet... <strong>So Why Put Them On Your Skin?<\/strong><\/h2>"}},"title_widget_tNAq34":{"type":"title-widget","disabled":true,"settings":{"title":"Struggling With Dry, Irritated Skin? Here's What No One Tells You...","subtitle":""}},"image_text_G7PaYf":{"type":"image-text","settings":{"image":"shopify:\/\/shop_images\/momonna-it-3.jpg","content":"<p>Seed oils aren’t just bad in your diet - they wreak havoc on your skin, too. High in unstable polyunsaturated fats, they oxidize easily, triggering inflammation, breakouts, and accelerated aging.<\/p><h3>Your moisturizer might be making things worse.<\/h3>","quoted":"<p>Most skincare products are loaded with seed oils—unstable fats that oxidize on your skin, causing inflammation, clogged pores, and premature aging. These synthetic blends promise hydration but leave you irritated, dry, and dependent.<\/p>","quoted_2_title":"Momona is different","quoted_2":"<p>We use just one ultra-pure, ancestral ingredient: grass-fed tallow. Rich in skin-loving vitamins A, D, E, and K, it deeply nourishes, calms inflammation, and restores your skin barrier—naturally.<\/p>","cta_text":"Get Your Super Tallow Now","cta_link":"","cta_bottom_text":"30 day money back guarantee"}},"title_widget_7TXPDA":{"type":"title-widget","disabled":true,"settings":{"title":"In Fact, This Simple Ingredient Has Been Shown To...","subtitle":""}},"icons_QxCW8h":{"type":"icons","disabled":true,"settings":{"icon_1":"shopify:\/\/shop_images\/mms-icon-1.png","text_1":"Repair damaged skin  caused by weather, age, and over-washing.","icon_2":"shopify:\/\/shop_images\/mms-icon-2.png","text_2":"Reduce redness, irritation, and sensitivity – perfect for those with delicate skin.","icon_3":"shopify:\/\/shop_images\/mms-icon-3.png","text_3":"Deeply hydrate without clogging pores, making it ideal for all skin types.","icon_4":"shopify:\/\/shop_images\/mms-icon-4.png","text_4":"Promote faster healing of cracked, dry skin and minor wounds.","icon_5":"shopify:\/\/shop_images\/mms-icon-5.png","text_5":"Deliver essential vitamins like A, D, E, and K directly to your skin."}},"title_widget_6HiykK":{"type":"title-widget","disabled":true,"settings":{"title":"Meet Super Tallow – The Solution Your Skin Has Been Waiting For","subtitle":"Hydrate, heal, and protect your skin with the only nutrient-rich moisturizer your skin will ever need.Say goodbye to endless products – one simple ingredient is all your skin needs."}},"image_text_Q6aG7w":{"type":"image-text","disabled":true,"settings":{"image":"shopify:\/\/shop_images\/adv-content-image-2.png","content":"<p><strong>Super Tallow<\/strong> is more than just another moisturizer – it’s a nutrient-rich, single-ingredient solution sourced from 100% grass-fed beef tallow.<\/p><p>Here’s why it works:<\/p><ul><li>Mimics the skin’s natural oils for deep, long-lasting hydration.<\/li><li>Packed with vitamins A, D, E, and K to repair, nourish, and protect your skin.<\/li><li>Free from synthetic fillers, fragrances, and seed oils – just pure, effective skincare.<\/li><\/ul><p><strong>But wait...<\/strong><\/p><p>But not all tallow is created equal.<\/p><p>Most tallow products on the market are poorly sourced, have strong odors, and leave a greasy residue that never fully absorbs. Super Tallow is made from 100% grass-fed cows, with a gentle process that preserves nutrients for your skin.<\/p><p><strong>Your skin deserves the best – and Super Tallow delivers.<\/strong><\/p>","quoted":"","quoted_2_title":"","quoted_2":"","cta_text":"Get Your Super Tallow Now","cta_link":"#product","cta_bottom_text":"30 day money back guarantee"}}},"block_order":["new_title_widget_Df6jFN","title_widget_tNAq34","image_text_G7PaYf","title_widget_7TXPDA","icons_QxCW8h","title_widget_6HiykK","image_text_Q6aG7w"],"custom_css":[".g-adv-body {background: #fff;}"],"settings":{}},"mms_product_information_UGqtVM":{"type":"mms-product-information","blocks":{"buy_buttons_dPT4Vp":{"type":"buy_buttons","settings":{"show_dynamic_checkout":false,"show_gift_card_recipient":true,"show_prices":false}},"icon_text_3agdek":{"type":"icon-text","settings":{"icon":"shopify:\/\/shop_images\/pdp_icon_1.png","title":"<p><strong>Truly Unscented –<\/strong>  A clean, natural moisturiser with no overpowering scent.<\/p>"}},"icon_text_McaPjN":{"type":"icon-text","settings":{"icon":"shopify:\/\/shop_images\/ing_1.png","title":"<p><strong>Deep Hydration <\/strong>–  Locks in moisture for soft, smooth, and radiant skin.<\/p>"}},"icon_text_abQyaW":{"type":"icon-text","settings":{"icon":"shopify:\/\/shop_images\/pdp_icon_3.png","title":"<p><strong>Single-Ingredient Purity <\/strong>–  Made from 100% grass-fed beef tallow, free of additives.<\/p>"}},"usps_Q93zUR":{"type":"usps","settings":{"usp_icon":"shopify:\/\/shop_images\/momona_usp_1.png","usp_text":"One Month Supply"}},"usps_eRY4LF":{"type":"usps","settings":{"usp_icon":"shopify:\/\/shop_images\/momona_usp_2.png","usp_text":"FREE Shipping"}},"usps_3yqDQ6":{"type":"usps","settings":{"usp_icon":"shopify:\/\/shop_images\/momona_usp_3.png","usp_text":"30 day money back guarantee"}},"usps_qTBDpN":{"type":"usps","settings":{"usp_icon":"shopify:\/\/shop_images\/momona_usp_4.png","usp_text":"Pause or cancel anytime"}},"usps_K4LyUL":{"type":"usps","settings":{"usp_icon":"shopify:\/\/shop_images\/momona_usp_5.png","usp_text":"10% off your monthly orders"}},"review_widget_NGNM8i":{"type":"review_widget","settings":{"rev_text_1":"“I have been using Super Tallow since September and my skin has never felt smoother. I love the creamy texture and the lack of a scent. I have given up chemically dense lotions in favor of this simple nutrient rich skin care solution.”","rev_name_1":"Cory B.","rev_text_2":"","rev_name_2":"","rev_text_3":"","rev_name_3":""}},"pdp_col_icons_mrkkaR":{"type":"pdp_col_icons","settings":{"icon_1":"shopify:\/\/shop_images\/pdp-icon-1.png","text_1":"Seed Oil Free","icon_2":"shopify:\/\/shop_images\/pdp-icon-2.png","text_2":"High in Vitamins","icon_3":"shopify:\/\/shop_images\/pdp-icon-3.png","text_3":"Pure Tallow"}}},"block_order":["buy_buttons_dPT4Vp","icon_text_3agdek","icon_text_McaPjN","icon_text_abQyaW","usps_Q93zUR","usps_eRY4LF","usps_3yqDQ6","usps_qTBDpN","usps_K4LyUL","review_widget_NGNM8i","pdp_col_icons_mrkkaR"],"custom_css":[".g-pdp-wrapper {background: #fff;}",".g-adv-review {background: #fdf7f2;}","#supply_days {display: none;}","#per_serving {color: #009933;}"],"settings":{"product":"super-tallow™-facial-moisturizer","rev_text":"135+ 5-Star Reviews","ctm_description":"<p>Made from grass-fed beef tallow, this single-ingredient moisturizer nourishes deeply, leaving your skin soft, smooth, and radiant.<\/p>","show_thumbnail":true,"show_limited_edition":true,"limited_edition":"<p>+ FREE Limited Edition Bandana <br\/>(<strong>$20<\/strong> value)<\/p>","limited_edition_image":"shopify:\/\/shop_images\/BandanaDesign.jpg","accord_title_1":"About Super Tallow™","accord_title_2":"Application","accord_content_2":"<p>A little goes a long way: gently apply a pea sized amount. After 5-10 minutes it will deeply absorb, providing lasting hydration.<\/p>","accord_title_3":"Shipping & Returns","accord_content_3":"","accord_title_4":"","accord_content_4":"","show_ctm_limited":true,"cta_limited":"<p>Limited Time Offer: Valid until <strong>Apr 12th<\/strong><\/p>","cta_bg":"#3c2d18","cta_color":"","cta_bottom_icon_1":"shopify:\/\/shop_images\/freedelivery.png","cta_bottom_text_1":"Free Delivery","cta_bottom_icon_2":"shopify:\/\/shop_images\/Check_ring_1.svg","cta_bottom_text_2":"30 day satisfaction guarantee","callout_text":"Best Value","app_per_day":"Extra 10% Off with Code: SOS ($38.88)"}},"mms_marquee_fVxrqj":{"type":"mms-marquee","blocks":{"marquee_XNrhdT":{"type":"marquee","settings":{"image":"shopify:\/\/shop_images\/Check_ring_1.svg","text":"Deep Hydration, Gentle on All Skin"}},"marquee_kpgqJQ":{"type":"marquee","settings":{"image":"shopify:\/\/shop_images\/Check_ring_1.svg","text":"Truly Unscented & Pure"}},"marquee_b3VcAT":{"type":"marquee","settings":{"image":"shopify:\/\/shop_images\/Check_ring_1.svg","text":"Silky Smooth Texture"}}},"block_order":["marquee_XNrhdT","marquee_kpgqJQ","marquee_b3VcAT"],"disabled":true,"settings":{"bg_color":"#fff9f2","text_color":"#000000","height":54,"icon_width":30,"animation":"ltr"}},"mms_image_text_blocks_JjfRpy":{"type":"mms-image-text-blocks","blocks":{"block_V97ywD":{"type":"block","settings":{"image":"shopify:\/\/shop_images\/benefit_1.png","content":"I've always been wary of conventional skin care products due to their long list of unrecognizable ingredients. I feel very fortunate to have found this product. Thank you for bringing it to market!","name":"Michele M."}},"block_ykDV8p":{"type":"block","settings":{"image":"shopify:\/\/shop_images\/review_2.png","content":"This stuff is the best. It’s so gentle on the skin & helped with some discoloration around my nose. I was worried to try because I have sensitive skin, but wow! Will be buying again!","name":"K.M."}},"block_KXh3FQ":{"type":"block","settings":{"image":"shopify:\/\/shop_images\/review_3.png","content":"Amazing customer service and even better product. Skin has never been better and I don’t have to worry about harmful chemicals.","name":"Lee K."}},"block_NYfyEy":{"type":"block","settings":{"image":"shopify:\/\/shop_images\/benefit_3.png","content":"Amazing customer service and even better product. Skin has never been better and I don’t have to worry about harmful chemicals.","name":"Lee M."}}},"block_order":["block_V97ywD","block_ykDV8p","block_KXh3FQ","block_NYfyEy"],"settings":{"bg":"#f5e8de","title":"No Seed Oils. No Compromises. Just Results.","subtitle":"See why Super Tallow™ is the only skincare trusted by ingredient purists—made without seed oils, fillers, or synthetic junk."}},"mms_videos_zFYEK7":{"type":"mms-videos","blocks":{"block_z9HkrY":{"type":"block","settings":{"video":"shopify:\/\/files\/videos\/Snapins.ai_video_AQPbReG9aMbEUObEHhb8CmzU40Uso5kQDbnRuwE_Q4n6iHoNm3AoSaKIsMM8G5bSH7nP5Lc-XXVlQIffUsLfrod5xPMjP8Q4YjtBXAE.mp4","review":"I've been dying to try this out! It has no toxins, no seed oils and it's super super hydrating!","social":"@caroline.k.smith"}},"block_AJxxYN":{"type":"block","settings":{"video":"shopify:\/\/files\/videos\/Snapins.ai_video_AQPVWcVK7uDw1TXZJPI3aLhqySE80MkJ7fiub7ydrHVi7HYX0FHWTvee3mziwesFX-xi4CZDVFeOaKl6x5frbX6pWTCy4VplYaYSL9E.mp4","review":"I'm in the era where I want to go as simple as possible and Momona is perfect.","social":"@iamsamanthaelizabeth"}},"block_GGmYx6":{"type":"block","settings":{"video":"shopify:\/\/files\/videos\/Snapins.ai_video_AQOfuXt7AzormtLiLJuVLXhTIaYAvXThFrgnXHyGkl6r7boz4SErItKraSCGm1YdwJ141oJnUID5lOTXLr3GTqb5ZtjqqDEeqygR8cg.mp4","review":"I’m set to glow my way through the day.","social":"@Chiomarhone"}},"block_39wn9q":{"type":"block","settings":{"video":"shopify:\/\/files\/videos\/Snapins.ai_video_AQO9bzxG6BHQuTXR-5fOkC7t4ZKzxolBpwAWKwDxMuKt1_nUpORUGQ2THEbReba88G17LkFzsplEySwKIJMRPoF9fg9jEvW3v7xi-AQ.mp4","review":"The fact that it’s good for baby skin tells me that it’s good for my skin too","social":"@abby.neff"}},"block_pEF77q":{"type":"block","settings":{"video":"shopify:\/\/files\/videos\/Snapins.ai_video_AQM3fWAlksoTJnHzZZW3Sf4_LMJWeKy4HUbGdyuOOgQpYIo9p7ZfE6fhGaodSqy2JGv1I7MOa0viIlj_7zynybdvQehX6yGb1eBmyPk.mp4","review":"It doesn't smell like steak, it's the perfect moisturizing base layer for my skin.","social":"@katikai"}}},"block_order":["block_z9HkrY","block_AJxxYN","block_GGmYx6","block_39wn9q","block_pEF77q"],"disabled":true,"settings":{"bg":"#ffffff","title":"Skincare That’s Truly Clean","subtitle":"Real people. Real results. No seed oils, no synthetics—just one ingredient your skin actually recognizes."}},"mms_table_xjdr6z":{"type":"mms-table","blocks":{"link_button_nHwFtz":{"type":"link_button","disabled":true,"settings":{}},"block_WpxJfX":{"type":"block","settings":{"title":"100% Natural Ingredients"}},"block_cLDQBt":{"type":"block","settings":{"title":"Truly Unscented"}},"block_BcLVUH":{"type":"block","settings":{"title":"Deep, Long-Lasting Hydration"}},"block_cNwaFh":{"type":"block","settings":{"title":"Skin Barrier Support"}},"block_KJaamq":{"type":"block","settings":{"title":"Free from Additives & Fillers"}}},"block_order":["link_button_nHwFtz","block_WpxJfX","block_cLDQBt","block_BcLVUH","block_cNwaFh","block_KJaamq"],"disabled":true,"custom_css":[".g-cta-bottom {padding: 10px 0px 0px 0px;}"],"settings":{"bg":"#f5e8de","title":"The Smarter, Natural Choice for Healthier Skin","brand_image":"shopify:\/\/shop_images\/table_image.png","brand_label":"Traditional Moisturizers","cta_text":"Experience the Difference","cta_url":"#product","cta_bg":"","cta_color":"","cta_bottom_icon_1":"shopify:\/\/shop_images\/freedelivery.png","cta_bottom_text_1":"Free Delivery","cta_bottom_icon_2":"shopify:\/\/shop_images\/Check_ring_1.svg","cta_bottom_text_2":"30 day money back guarantee"}},"mms_adv_minibanner_mwgMTQ":{"type":"mms-adv-minibanner","custom_css":[".g-mini-banner {background: #fff;}"],"settings":{"image":"shopify:\/\/shop_images\/free-hand.png","title":"Try the Only Seed Oil Free Moisturizer – 100% Risk-Free","subtitle":"Experience truly clean skincare with Super Tallow™. No seed oils. No fillers. Just one ingredient your skin will love—or your money back, no questions asked.","cta_text":"Get My Seed Oil Free Tallow","cta_link":"#product","cta_bottom_text":"30 day satisfaction guarantee"}},"mms_image_text_CdzmHa":{"type":"mms-image-text","custom_css":["@media only screen and (max-width: 768px) {.g-it-image {display: none; }}"],"settings":{"bg":"","top_label":"OUR STORY","title":"A Journey to a Cleaner, Nontoxic Lifestyle","content":"<p>When Stacie lost her father to skin cancer, it transformed the way she thought about skincare. Determined to protect and nourish her own skin with the cleanest, most natural products, she set out to create something different.<\/p><p>Her journey led to the creation of Super Tallow™—a product rooted in simplicity, purity, and the power of 100% grass-fed tallow. It’s more than just a moisturiser; it’s a commitment to safe, effective, and sustainable skincare that everyone can trust.<\/p>","image":"shopify:\/\/shop_images\/ourstory_7244c90c-01ac-4ef7-be48-17a195d5a109.png","cta_text":"Discover momona","cta_url":"shopify:\/\/pages\/seed-oil-scout","cta_bg":"","cta_color":"","cta_bottom_text_1":"","cta_bottom_text_2":""}},"mms_common_questions_yEAXBm":{"type":"mms-common-questions","blocks":{"link_button_63YJkB":{"type":"link_button","settings":{}},"block_kB96Nb":{"type":"block","settings":{"question":"What is tallow?","answer":""}},"block_PtUGbB":{"type":"block","settings":{"question":"What makes Super Tallow™ \"super\"?","answer":""}},"block_PLJcTH":{"type":"block","settings":{"question":"Does it have a smell?","answer":""}},"block_b6LEFy":{"type":"block","settings":{"question":"Does it cause breakouts?","answer":""}},"block_LbJgeV":{"type":"block","settings":{"question":"When should I use it?","answer":""}},"block_FRBPH9":{"type":"block","settings":{"question":"How should I store it?","answer":""}},"block_BYTRP7":{"type":"block","settings":{"question":"Where can I get support?","answer":""}},"block_tzUKYU":{"type":"block","settings":{"question":"Is it baby\/pregnancy-safe?","answer":""}},"block_zjV9pN":{"type":"block","settings":{"question":"Do you ship internationally?","answer":""}},"block_JQcAyV":{"type":"block","settings":{"question":"How much should I use?","answer":""}}},"block_order":["link_button_63YJkB","block_kB96Nb","block_PtUGbB","block_PLJcTH","block_b6LEFy","block_LbJgeV","block_FRBPH9","block_BYTRP7","block_tzUKYU","block_zjV9pN","block_JQcAyV"],"settings":{"bg":"#fdf7f2","title":"Frequently Asked Questions","cta_text":"Experience the Difference","cta_url":"#product","cta_bg":"#3c2d18","cta_color":"#ffffff","cta_bottom_icon_1":"shopify:\/\/shop_images\/momona_usp_2.png","cta_bottom_text_1":"Free Delivery","cta_bottom_icon_2":"shopify:\/\/shop_images\/Check_ring_1.svg","cta_bottom_text_2":"30 day money back guarantee"}}},"order":["main","mms_adv_banner_3BjYxj","mms_adv_banner_2_BYVUME","mms_marquee_NQkR7p","mms_adv_body_UU7Apn","mms_product_information_UGqtVM","mms_marquee_fVxrqj","mms_image_text_blocks_JjfRpy","mms_videos_zFYEK7","mms_table_xjdr6z","mms_adv_minibanner_mwgMTQ","mms_image_text_CdzmHa","mms_common_questions_yEAXBm"]}