{"layout":"password","sections":{"rich_text_Ap4PgB":{"type":"rich-text","blocks":{"heading_nCVcHc":{"type":"heading","settings":{"heading":"Gain access to the VIP launch by entering your password above.","heading_size":"h2"}},"text_PhtxMq":{"type":"text","settings":{"text":"<p>Check your email for the password.<\/p>"}}},"block_order":["heading_nCVcHc","text_PhtxMq"],"settings":{"desktop_content_position":"center","content_alignment":"center","color_scheme":"","full_width":true,"padding_top":12,"padding_bottom":12}},"image_banner_yrcwFT":{"type":"image-banner","settings":{"image":"shopify:\/\/shop_images\/ClaeWildBeach30_1.jpg","image_overlay_opacity":0,"image_height":"medium","desktop_content_position":"middle-center","show_text_box":true,"desktop_content_alignment":"center","color_scheme":"","image_behavior":"none","mobile_content_alignment":"center","stack_images_on_mobile":true,"show_text_below":true}},"main":{"type":"email-signup-banner","blocks":{"heading":{"type":"heading","settings":{"heading":"No password?","heading_size":"h2"}},"paragraph":{"type":"paragraph","settings":{"text":"<p>Be the first to know when we launch to the public on Sep 15.<\/p>","text_style":"body"}},"email_form":{"type":"email_form","settings":{}}},"block_order":["heading","paragraph","email_form"],"settings":{"image_overlay_opacity":0,"show_background_image":false,"image_height":"medium","desktop_content_position":"middle-center","show_text_box":false,"desktop_content_alignment":"center","color_scheme":"scheme-1","mobile_content_alignment":"center","show_text_below":false}}},"order":["rich_text_Ap4PgB","image_banner_yrcwFT","main"]}