{"sections":{"main":{"type":"main-product","blocks":{"text":{"type":"text","disabled":true,"settings":{"text":"{{ product.vendor }}","text_style":"body"}},"title":{"type":"title","settings":{}},"price":{"type":"price","settings":{}},"rating":{"type":"rating","settings":{}},"description":{"type":"description","settings":{}},"text_qezrxe":{"type":"text","settings":{"text":"Ingredients: Grass-fed beef tallow","text_style":"body"}},"variant_picker":{"type":"variant_picker","settings":{"picker_type":"button","swatch_shape":"circle"}},"quantity_selector":{"type":"quantity_selector","settings":{}},"recharge_subscriptions_subscription_widget_pKxWcT":{"type":"shopify:\/\/apps\/recharge-subscriptions\/blocks\/subscription-widget\/371eed76-0b44-4869-9813-730372ea378e","disabled":true,"settings":{"product":"{{product}}"}},"text_4nAJ8d":{"type":"text","settings":{"text":"<em><strong>International Customers: Note that you may be charged duties & taxes upon delivery.<\/strong><\/em>","text_style":"body"}},"buy_buttons":{"type":"buy_buttons","settings":{"show_dynamic_checkout":true,"show_gift_card_recipient":true}},"share":{"type":"share","settings":{"share_label":"Share"}}},"block_order":["text","title","price","rating","description","text_qezrxe","variant_picker","quantity_selector","recharge_subscriptions_subscription_widget_pKxWcT","text_4nAJ8d","buy_buttons","share"],"disabled":true,"settings":{"enable_sticky_info":true,"color_scheme":"scheme-1","media_size":"medium","constrain_to_viewport":true,"media_fit":"contain","gallery_layout":"columns","media_position":"left","image_zoom":"lightbox","mobile_thumbnails":"show","hide_variants":true,"enable_video_looping":true,"padding_top":52,"padding_bottom":24}},"related-products":{"type":"related-products","disabled":true,"settings":{"heading":"You may also like","heading_size":"h2","products_to_show":4,"columns_desktop":4,"color_scheme":"scheme-1","image_ratio":"square","image_shape":"default","show_secondary_image":true,"show_vendor":false,"show_rating":false,"columns_mobile":"2","padding_top":36,"padding_bottom":28}},"mms_product_information_dynamic_XNRmz7":{"type":"mms-product-information-dynamic","blocks":{"icon_text_4Wnw74":{"type":"icon-text","disabled":true,"settings":{"title":"Truly Unscented","content":"<p>A clean, natural moisturiser with no overpowering scent.<\/p>"}},"icon_text_xUmbgy":{"type":"icon-text","disabled":true,"settings":{"title":"Deep Hydration","content":"<p>Locks in moisture for soft, smooth, and radiant skin.<\/p>"}},"icon_text_Ep9kkP":{"type":"icon-text","disabled":true,"settings":{"title":"Single-Ingredient Purity","content":"<p>Made from 100% grass-fed beef tallow, free of additives.<\/p>"}},"usps_a9Yhnx":{"type":"usps","settings":{"usp_icon":"shopify:\/\/shop_images\/momona_usp_3.png","usp_text":"One shipment each month"}},"usps_cAAYLA":{"type":"usps","settings":{"usp_icon":"shopify:\/\/shop_images\/momona_usp_3.png","usp_text":"Free shipping. Pause or cancel any time."}},"usps_g4bcQV":{"type":"usps","settings":{"usp_icon":"shopify:\/\/shop_images\/momona_usp_3.png","usp_text":""}},"usps_tcjBrJ":{"type":"usps","disabled":true,"settings":{"usp_text":"Free shipping"}},"usps_Q6j4Ti":{"type":"usps","disabled":true,"settings":{"usp_text":"Pause or cancel anytime"}},"buy_buttons_47c3ze":{"type":"buy_buttons","settings":{"show_dynamic_checkout":false,"show_gift_card_recipient":true,"show_prices":true}},"usps_dynamic_EyzaDE":{"type":"usps-dynamic","settings":{"usp_icon":"shopify:\/\/shop_images\/momona_usp_3.png","usp_text":"Three 10ml tubes"}},"usps_dynamic_JkgRhU":{"type":"usps-dynamic","settings":{"usp_icon":"shopify:\/\/shop_images\/momona_usp_3.png","usp_text":"Free shipping. Pause or cancel any time."}},"usps_dynamic_nfrDFe":{"type":"usps-dynamic","disabled":true,"settings":{"usp_icon":"shopify:\/\/shop_images\/momona_usp_3.png","usp_text":"Ships every three months"}},"usps_dynamic_UX7mWr":{"type":"usps-dynamic","disabled":true,"settings":{"usp_text":"Free shipping"}},"usps_dynamic_x8YWEH":{"type":"usps-dynamic","disabled":true,"settings":{"usp_text":"Pause or cancel anytime"}},"xl_product_qGke8k":{"type":"xl_product","disabled":true,"settings":{"product_xl":"clae-super-lanolin™-lip-balm-3-month-supply"}}},"block_order":["icon_text_4Wnw74","icon_text_xUmbgy","icon_text_Ep9kkP","usps_a9Yhnx","usps_cAAYLA","usps_g4bcQV","usps_tcjBrJ","usps_Q6j4Ti","buy_buttons_47c3ze","usps_dynamic_EyzaDE","usps_dynamic_JkgRhU","usps_dynamic_nfrDFe","usps_dynamic_UX7mWr","usps_dynamic_x8YWEH","xl_product_qGke8k"],"custom_css":[".g-adv-review {background: #fdf7f2;}","#supply_days {display: none;}","#per_serving {color: #009933;}"],"settings":{"product":"","rev_text":"10k+ happy customers","ctm_description":"<p>Made from 100% pharmaceutical-grade lanolin. Ethically sourced from Merino Sheep in New Zealand. Single ingredient. All natural. Hypoallergenic. Unscented. Clear natural-gloss finish. Designed to repair, protect, and deeply hydrate. Metal applicator tip cools on contact for soothing relief. Backed by science, rooted in nature.<\/p>","show_thumbnail":true,"show_limited_edition":false,"limited_edition":"","accord_title_1":"","accord_title_2":"","accord_content_2":"","accord_title_3":"","accord_content_3":"","accord_title_4":"","accord_content_4":"","show_ctm_limited":false,"cta_limited":"","cta_bg":"#3c2d18","cta_color":"#ffffff","cta_bottom_text_1":"","cta_bottom_icon_2":"shopify:\/\/shop_images\/shiping.png","cta_bottom_text_2":"Free standard shipping on all US orders over $70. ","callout_text":"Most Popular","callout_bg_1":"#3c2d18","callout_text_2":"Best Value","callout_bg_2":"#4c6762","ot_callout_text":"","app_per_day":""}},"radiant_steps_fwf9zi":{"type":"radiant-steps","blocks":{"step_VgqT6C":{"type":"step","settings":{"image":"shopify:\/\/shop_images\/Super_Lanolin_Lip_Balm_Dispense_a5697093-f754-4531-ac96-aa2a7ae7eee2.jpg","title":"Dispense","step":"Step 1","content":"Squeeze a small amount of Super Lanolin™ onto the cooling metal applicator tip."}},"step_KMzC6r":{"type":"step","settings":{"image":"shopify:\/\/shop_images\/Super_Lanolin_Lip_Balm_Apply_9189c7a8-bed4-4586-973b-d3126985da76.jpg","title":"Apply","step":"Step 2","content":"Gently apply the Super Lanolin™ onto your lips, using the cooling metal applicator to evenly spread the product."}},"step_iDMa3X":{"type":"step","settings":{"image":"shopify:\/\/shop_images\/Super_Lanolin_Lip_Balm_Glow_4786ac8a-c5b2-4d38-843e-4132f60f82db.jpg","title":"Glow","step":"Step 3","content":"Allow the Super Lanolin™ to fully absorb, leaving your lips deeply hydrated, soft and plump with a natural gloss finish."}}},"block_order":["step_VgqT6C","step_KMzC6r","step_iDMa3X"],"name":"Radiant Steps","settings":{"title":"Three Steps to Radiant Lips"}},"banners_RcMyRg":{"type":"banners","name":"Photography Banners","settings":{"title":"","image":"shopify:\/\/shop_images\/Super_Lanolin_Lip_Balm_Lifestyle_2.jpg","button_text":"","button_link":""}},"testimonials_mCCBgd":{"type":"testimonials","blocks":{"reviews_YwEBM3":{"type":"reviews","settings":{"image":"shopify:\/\/shop_images\/Super_Lanolin_Review_1.jpg","review":"My lips have never looked or felt better. There is a truly healing effect to Super Lanolin that you just can't describe until you try it for yourself.","name":"Jennifer F.","position":"Early Access Review"}},"reviews_pGhFcD":{"type":"reviews","settings":{"image":"shopify:\/\/shop_images\/Super_Lanolin_Review_2.jpg","review":"I only have to apply morning and night. It's the longest lasting lip balm I've ever used and it's so soothing. Lifetime customer here!","name":"Casey T.","position":"Early Access Review"}},"reviews_nDMBdc":{"type":"reviews","settings":{"image":"shopify:\/\/shop_images\/Super_Lanolin_Review_3.jpg","review":"I love the thicker consistency of this product. It stays on my lips for hours. The metal applicator smoothly delivers the perfect amount too. Thanks, Clae!","name":"Laura M.","position":"Early Access Review"}}},"block_order":["reviews_YwEBM3","reviews_pGhFcD","reviews_nDMBdc"],"name":"Testimonials","settings":{"title":"Written in Radiance","content":"See how Super Lanolin™ is redefining skincare, one glowing transformation at a time."}},"ingredient_benefits_6hjx6n":{"type":"ingredient-benefits","blocks":{"block_6VCV6d":{"type":"block","settings":{"icon":"shopify:\/\/shop_images\/icon-1.svg","title":"Ultra Pure","content":"European pharmaceutical-grade purity with strict standards."}},"block_EfmnqB":{"type":"block","settings":{"icon":"shopify:\/\/shop_images\/icon-2.svg","title":"Long Wear","content":"Shields lips for long lasting, all-day comfort."}},"block_G6rdp8":{"type":"block","settings":{"icon":"shopify:\/\/shop_images\/icon-3.svg","title":"Gentle on All Skin","content":"No synthetic fragrances or harsh additives."}},"block_CrHUP4":{"type":"block","settings":{"icon":"shopify:\/\/shop_images\/icon-4.svg","title":"Deep Hydration","content":"Locks in moisture for soft, supple skin."}}},"block_order":["block_6VCV6d","block_EfmnqB","block_G6rdp8","block_CrHUP4"],"name":"Ingredient Benefits","settings":{"title":"One Ingredient. Endless Benefits."}},"product_faq_exrpnr":{"type":"product-faq","blocks":{"faq_first_column_Haty8H":{"type":"faq_first_column","settings":{"question":"What is Lanolin?","answer":"<p>Lanolin is a rich, wax-like oil naturally derived from sheep's wool. It is extremely rich and nourishing to the skin.<\/p>"}},"faq_first_column_hf6hpy":{"type":"faq_first_column","settings":{"question":"Is Lanolin Natural?","answer":"<p>Yes! Lanolin is a 100% natural, single-ingredient product.<\/p>"}},"faq_first_column_pY9BNR":{"type":"faq_first_column","settings":{"question":"What makes your Lanolin Super?","answer":"<p>Our Lanolin is ethically sourced from a pesticide free sheep farm in Europe, adhering to strict purity standards. It is gently rendered to remove most of the natural occurring scent, while maintaining the nutrient density and healing properties.<\/p>"}},"faq_first_column_XQBwGW":{"type":"faq_first_column","settings":{"question":"Is Super Lanolin™ Pregnancy\/Baby Safe?","answer":"<p>Yes! Super Lanolin™ is safe to use during pregnancy, breastfeeding, and on your baby. <\/p>"}},"faq_first_column_JKMj8E":{"type":"faq_first_column","settings":{"question":"Is Lanolin safe for sensitive skin?","answer":"<p>Yes, it is hypoallergenic for most people. Some people with wool sensitivities can be allergic or sensitive to lanolin.<\/p>"}},"faq_first_column_nypjTg":{"type":"faq_first_column","settings":{"question":"Is it scented? Does it smell?","answer":"<p>Our Lanolin is 100% free of synthetic fragrances. Our rendering process removes most naturally occurring scents, though some report a very light very light waxy \/ earthy scent.<\/p>"}},"faq_first_column_iNyaap":{"type":"faq_first_column","settings":{"question":"Do you ship internationally?","answer":"<p>Yes we do, although, our International customers are personally responsible for any duties, taxes, or fees required by their country outside of the United States.<\/p>"}},"faq_second_column_yBMba7":{"type":"faq_second_column","settings":{"question":"What is it good for?","answer":"<p>Lanolin is an excellent moisturizer. Great for dry, cracked, or chapped skin. It is an emollient which helps trap moisture in the skin and is structured similarly to human skin. It’s best for the toughest areas on the body and was originally used to sooth \/ heal cracked nipples during breast feeding.<\/p>"}},"faq_second_column_WdthEz":{"type":"faq_second_column","settings":{"question":"Where can I get support?","answer":"<p>We take pride in delivering outstanding customer care. Reach us at: support@claeskin.com Monday-Friday. We are here for you. <\/p>"}},"faq_second_column_f9eCMx":{"type":"faq_second_column","settings":{"question":"How do I cancel my subscription?","answer":"<p>Please email us at: support@claeskin.com and we will be happy to assist you. <\/p>"}}},"block_order":["faq_first_column_Haty8H","faq_first_column_hf6hpy","faq_first_column_pY9BNR","faq_first_column_XQBwGW","faq_first_column_JKMj8E","faq_first_column_nypjTg","faq_first_column_iNyaap","faq_second_column_yBMba7","faq_second_column_WdthEz","faq_second_column_f9eCMx"],"name":"Product FAQs","settings":{"title":"Frequently Asked Questions"}},"banners_bmUNat":{"type":"banners","name":"Photography Banners","settings":{"title":"","image":"shopify:\/\/shop_images\/2R6A6331.jpg","button_text":"","button_link":""}}},"order":["main","related-products","mms_product_information_dynamic_XNRmz7","radiant_steps_fwf9zi","banners_RcMyRg","testimonials_mCCBgd","ingredient_benefits_6hjx6n","product_faq_exrpnr","banners_bmUNat"]}