{"sections":{"main":{"type":"main-product","blocks":{"text":{"type":"text","disabled":true,"settings":{"text":"{{ product.vendor }}","text_style":"body"}},"title":{"type":"title","settings":{}},"price":{"type":"price","settings":{}},"rating":{"type":"rating","settings":{}},"description":{"type":"description","settings":{}},"text_qezrxe":{"type":"text","settings":{"text":"Ingredients: Grass-fed beef tallow","text_style":"body"}},"variant_picker":{"type":"variant_picker","settings":{"picker_type":"button","swatch_shape":"circle"}},"quantity_selector":{"type":"quantity_selector","settings":{}},"recharge_subscriptions_subscription_widget_pKxWcT":{"type":"shopify:\/\/apps\/recharge-subscriptions\/blocks\/subscription-widget\/371eed76-0b44-4869-9813-730372ea378e","disabled":true,"settings":{"product":"{{product}}"}},"text_4nAJ8d":{"type":"text","settings":{"text":"<em><strong>International Customers: Note that you may be charged duties & taxes upon delivery.<\/strong><\/em>","text_style":"body"}},"buy_buttons":{"type":"buy_buttons","settings":{"show_dynamic_checkout":true,"show_gift_card_recipient":true}},"share":{"type":"share","settings":{"share_label":"Share"}}},"block_order":["text","title","price","rating","description","text_qezrxe","variant_picker","quantity_selector","recharge_subscriptions_subscription_widget_pKxWcT","text_4nAJ8d","buy_buttons","share"],"disabled":true,"settings":{"enable_sticky_info":true,"color_scheme":"scheme-1","media_size":"medium","constrain_to_viewport":true,"media_fit":"contain","gallery_layout":"columns","media_position":"left","image_zoom":"lightbox","mobile_thumbnails":"show","hide_variants":true,"enable_video_looping":true,"padding_top":52,"padding_bottom":24}},"related-products":{"type":"related-products","disabled":true,"settings":{"heading":"You may also like","heading_size":"h2","products_to_show":4,"columns_desktop":4,"color_scheme":"scheme-1","image_ratio":"square","image_shape":"default","show_secondary_image":true,"show_vendor":false,"show_rating":false,"columns_mobile":"2","padding_top":36,"padding_bottom":28}},"mms_marquee_fQyr6h":{"type":"mms-marquee","blocks":{"marquee_8YtCLf":{"type":"marquee","settings":{"image":"shopify:\/\/shop_images\/Check_ring_1.svg","text":"Deep Hydration, Gentle on All Skin"}},"marquee_8MzbTQ":{"type":"marquee","settings":{"image":"shopify:\/\/shop_images\/Check_ring_1.svg","text":"Truly Unscented & Pure"}},"marquee_i8LgbX":{"type":"marquee","settings":{"image":"shopify:\/\/shop_images\/Check_ring_1.svg","text":"Silky Smooth Texture"}}},"block_order":["marquee_8YtCLf","marquee_8MzbTQ","marquee_i8LgbX"],"settings":{"bg_color":"#fff9f2","text_color":"#2c1a0b","height":36,"icon_width":20,"animation":"rtl"}},"mms_product_information_Bi8iQY":{"type":"mms-product-information","blocks":{"icon_text_gwNzq7":{"type":"icon-text","settings":{"icon":"shopify:\/\/shop_images\/measuring_tape_icon_c0d2ed2c-ce44-4502-b25e-785b021d786e.png","title":"<p><strong>One size fits most<\/strong><\/p>"}},"icon_text_8WiJNQ":{"type":"icon-text","settings":{"icon":"shopify:\/\/shop_images\/momona_usp_3.png","title":"<p><strong>High quality & embroidered in the USA<\/strong><\/p>"}},"icon_text_fkXeF7":{"type":"icon-text","settings":{"icon":"shopify:\/\/shop_images\/pdp_icon_3.png","title":"<p><strong>Here now & never again<\/strong><\/p>"}},"icon_text_NnfWLM":{"type":"icon-text","settings":{"icon":"shopify:\/\/shop_images\/momona_usp_1.png","title":"<p><strong>All sales are final<\/strong><\/p>"}},"usps_FaYcWe":{"type":"usps","disabled":true,"settings":{"usp_icon":"shopify:\/\/shop_images\/momona_usp_1.png","usp_text":"All sales are final"}},"usps_VUXdaL":{"type":"usps","disabled":true,"settings":{"usp_icon":"shopify:\/\/shop_images\/momona_usp_2.png","usp_text":"Free Shipping"}},"usps_TyYeRN":{"type":"usps","disabled":true,"settings":{"usp_icon":"shopify:\/\/shop_images\/momona_usp_3.png","usp_text":"30 day satisfaction guarantee"}},"usps_Ly73Lb":{"type":"usps","disabled":true,"settings":{"usp_icon":"shopify:\/\/shop_images\/momona_usp_4.png","usp_text":"Pause or cancel anytime"}},"usps_UEJjA4":{"type":"usps","disabled":true,"settings":{"usp_icon":"shopify:\/\/shop_images\/momona_usp_5.png","usp_text":"10% off your monthly orders"}},"buy_buttons_qaRYiT":{"type":"buy_buttons","settings":{"show_dynamic_checkout":false,"show_gift_card_recipient":true,"show_prices":true}}},"block_order":["icon_text_gwNzq7","icon_text_8WiJNQ","icon_text_fkXeF7","icon_text_NnfWLM","usps_FaYcWe","usps_VUXdaL","usps_TyYeRN","usps_Ly73Lb","usps_UEJjA4","buy_buttons_qaRYiT"],"custom_css":[".g-pdp-wrapper {background: #fff;}",".g-adv-review {background: #fdf7f2;}","#supply_days {display: none;}","#per_serving {color: #009933;}"],"settings":{"product":"","rev_text":"8,000+ happy customers","ctm_description":"<p><strong>1 of 50 ever made:<\/strong> For this week only, access our first-ever public hat release & the hottest hat of the summer. <\/p><p>Ships in 2 weeks.<\/p>","show_thumbnail":true,"show_limited_edition":true,"limited_edition":"<p>+ FREE Limited Edition Bandana <br\/>(<strong>$20<\/strong> value)<\/p>","limited_edition_image":"shopify:\/\/shop_images\/bandana.png","accord_title_1":"","accord_title_2":"","accord_content_2":"","accord_title_3":"","accord_content_3":"<p>Free shipping on all subscription orders. If you are not satisfied, email hello@momonaskin.com for help.<\/p>","accord_title_4":"","accord_content_4":"","show_ctm_limited":false,"cta_limited":"","cta_bg":"#3c2d18","cta_color":"#ffffff","cta_bottom_icon_1":"shopify:\/\/shop_images\/freedelivery.png","cta_bottom_text_1":"Ships in 2 weeks","cta_bottom_icon_2":"shopify:\/\/shop_images\/Check_ring_1.svg","cta_bottom_text_2":"","callout_text":"Best Value","ot_callout_text":"","app_per_day":""}},"mms_image_text_blocks_bcgFrX":{"type":"mms-image-text-blocks","blocks":{"block_aYHNgX":{"type":"block","settings":{"image":"shopify:\/\/shop_images\/benefit_1.png","content":"I've always been wary of conventional skin care products due to their long list of unrecognizable ingredients. I feel very fortunate to have found this product. Thank you for bringing it to market!","name":"Michele M."}},"block_M6VdAH":{"type":"block","settings":{"image":"shopify:\/\/shop_images\/review_2.png","content":"This stuff is the best. It’s so gentle on the skin & helped with some discoloration around my nose. I was worried to try because I have sensitive skin, but wow! Will be buying again!","name":"K.M."}},"block_Kkgttz":{"type":"block","settings":{"image":"shopify:\/\/shop_images\/review_3.png","content":"Amazing customer service and even better product. Skin has never been better and I don’t have to worry about harmful chemicals.","name":"Lee K."}},"block_GKKM8P":{"type":"block","settings":{"image":"shopify:\/\/shop_images\/review_3.png","content":"Amazing customer service and even better product. Skin has never been better and I don’t have to worry about harmful chemicals.","name":"Lee K."}}},"block_order":["block_aYHNgX","block_M6VdAH","block_Kkgttz","block_GKKM8P"],"settings":{"bg":"#f5e8de","title":"Stories Written in Radiance","subtitle":"See how Super Tallow™ is redefining skincare, one glowing transformation at a time."}},"mms_table_NcHibM":{"type":"mms-table","blocks":{"buy_buttons_AVm7dn":{"type":"buy_buttons","settings":{"show_dynamic_checkout":false,"show_gift_card_recipient":true,"show_prices":false}},"block_i9kgjn":{"type":"block","settings":{"title":"Truly Unscented"}},"block_7WN3d7":{"type":"block","settings":{"title":"Deep, Long-Lasting Hydration"}},"block_7k9y9H":{"type":"block","settings":{"title":"Gentle on All Skin Types"}},"block_tnPPKA":{"type":"block","settings":{"title":"Free from Additives & Fillers"}}},"block_order":["buy_buttons_AVm7dn","block_i9kgjn","block_7WN3d7","block_7k9y9H","block_tnPPKA"],"settings":{"bg":"#f5e8de","title":"The Smarter, Natural Choice for Healthier Skin","brand_image":"shopify:\/\/shop_images\/table_image.png","brand_label":"Traditional Moisturizers","cta_text":"ADD TO CART","cta_url":"","cta_bg":"","cta_color":"","cta_bottom_text_1":"","cta_bottom_icon_2":"shopify:\/\/shop_images\/Check_ring_1.svg","cta_bottom_text_2":"30 day satisfaction guarantee"}},"mms_videos_nHgCAk":{"type":"mms-videos","blocks":{"block_JpKHmN":{"type":"block","settings":{"video":"shopify:\/\/files\/videos\/475402769_1348010086354239_8770710961533443460_n.mp4","review":"I’ve really fallen in love with the texture and enjoy applying it...","social":"@greenteawithme_esthetics"}},"block_8XriWz":{"type":"block","settings":{"video":"shopify:\/\/files\/videos\/475729609_10074913632523701_6613606214181983032_n (1).mp4","review":"It’s scentless and my skin feels amazing. I’m beyond excited add this to my routine.","social":"@Katikai"}},"block_MXK9WM":{"type":"block","settings":{"video":"shopify:\/\/files\/videos\/481777216_1728178504577654_7907936405468394627_n.mp4","review":"I’m set to glow my way through the day.","social":"@Chiomarhone"}},"block_NfpryU":{"type":"block","settings":{"video":"shopify:\/\/files\/videos\/475851726_3980957905505477_773945497772097312_n.mp4","review":"I love you @momonaskin","social":"@Jaebelu"}},"block_mC4gyH":{"type":"block","settings":{"video":"shopify:\/\/files\/videos\/482295737_970076751901924_1979016650813938297_n.mp4","review":"I’m so amazed at how quickly my scratches healed, and never scabbed off or left any scarring.","social":"@stacietrout"}}},"block_order":["block_JpKHmN","block_8XriWz","block_MXK9WM","block_NfpryU","block_mC4gyH"],"disabled":true,"settings":{"bg":"#f5e8de","title":"Skincare Stories That Glow","subtitle":"Transforming routines and delivering real results"}},"mms_pdp_benefits_QyTxK4":{"type":"mms-pdp-benefits","blocks":{"block_JpMPQ9":{"type":"block","settings":{"image":"shopify:\/\/shop_images\/benefit_1.png","text":"Barrier Support"}},"block_WefxdX":{"type":"block","settings":{"image":"shopify:\/\/shop_images\/benefit_2.png","text":"Nourishing Hydration"}},"block_RBQtPg":{"type":"block","settings":{"image":"shopify:\/\/shop_images\/benefit_3.png","text":"Gentle Relief"}},"block_CjQBRH":{"type":"block","settings":{"image":"shopify:\/\/shop_images\/benefit_4.png","text":"Radiance & Resilience"}}},"block_order":["block_JpMPQ9","block_WefxdX","block_RBQtPg","block_CjQBRH"],"settings":{"bg":"#fdf7f2","title":"Nourishing Benefits of Super Tallow™","subtitle":"Unlike synthetic moisturisers, Super Tallow™ is crafted from 100% grass-fed tallow, delivering deep hydration and natural care for your skin.","cta_text":"","cta_url":"","cta_bg":"","cta_color":"#ffffff","cta_bottom_text_1":"","cta_bottom_text_2":""}},"mms_marquee_ijk3b8":{"type":"mms-marquee","blocks":{"marquee_C3KUin":{"type":"marquee","settings":{"image":"shopify:\/\/shop_images\/Check_ring_1.svg","text":"Truly Unscented & Pure"}},"marquee_WL8cie":{"type":"marquee","settings":{"image":"shopify:\/\/shop_images\/Check_ring_1.svg","text":"Silky Smooth Texture"}},"marquee_bBddry":{"type":"marquee","settings":{"image":"shopify:\/\/shop_images\/Check_ring_1.svg","text":"Deep Hydration, Gentle on All Skin"}}},"block_order":["marquee_C3KUin","marquee_WL8cie","marquee_bBddry"],"settings":{"bg_color":"#fff9f2","text_color":"#2c1a0b","height":36,"icon_width":20,"animation":"ltr"}},"mms_steps_gTxNak":{"type":"mms-steps","blocks":{"block_krUzTV":{"type":"block","settings":{"image":"shopify:\/\/shop_images\/step1.png","title":"Pump","content":"Dispense a pea-sized amount of Super Tallow™ into your hands. The convenient pump ensures mess-free application every time."}},"block_UN4GPT":{"type":"block","settings":{"image":"shopify:\/\/shop_images\/step2.png","title":"Warm & Apply","content":"Gently warm the tallow between your palms to activate its silky texture, then massage it into clean, dry skin in circular motions for even coverage."}},"block_iGKyk8":{"type":"block","settings":{"image":"shopify:\/\/shop_images\/step3.png","title":"Glow","content":"Allow 5-10 minutes for the tallow to fully absorb, leaving your skin deeply hydrated, soft, and glowing with a natural radiance."}}},"block_order":["block_krUzTV","block_UN4GPT","block_iGKyk8"],"settings":{"bg":"#fff9f2","text_color":"#2c1a0b","title":"<h2>3 Simple Steps to <em>Radiant Skin<\/em><\/h2>"}},"mms_pdp_mission_4TnFHW":{"type":"mms-pdp-mission","settings":{"bg":"#3c3224","title":"Our Purposeful Mission","content":"At Momona, we’re redefining skincare by embracing simplicity, sustainability, and the power of natural ingredients. Super Tallow™ isn’t just a moisturiser—it’s a commitment to self-care that’s clean, effective, and luxurious.","image_1":"shopify:\/\/shop_images\/mission_1.png","image_2":"shopify:\/\/shop_images\/mission_2.png","image_3":"shopify:\/\/shop_images\/mission_3.png","image_4":"shopify:\/\/shop_images\/mission_4.png"}},"mms_pdp_ingredient_ApzPJJ":{"type":"mms-pdp-ingredient","blocks":{"block_z4NbMP":{"type":"block","settings":{"icon":"shopify:\/\/shop_images\/ingredient_1.png","content":"<p><strong>Vitamins A, D, E, and K <\/strong><\/p><p>Essential for skin regeneration, hydration, and elasticity.<\/p>"}},"block_HWfV4x":{"type":"block","settings":{"icon":"shopify:\/\/shop_images\/ingredient_2.png","content":"<p><strong>Omega Fatty Acids <\/strong><\/p><p>To deeply nourish and repair your skin’s natural barrier.<\/p>"}},"block_xyiDrn":{"type":"block","settings":{"icon":"shopify:\/\/shop_images\/ing_3.png","content":"<p><strong>Collagen-Boosting <\/strong><\/p><p>PropertiesSupporting smooth, firm, and youthful skin.<\/p>"}},"buy_buttons_gncJ9n":{"type":"buy_buttons","settings":{"show_dynamic_checkout":false,"show_gift_card_recipient":true,"show_prices":false}}},"block_order":["block_z4NbMP","block_HWfV4x","block_xyiDrn","buy_buttons_gncJ9n"],"disabled":true,"settings":{"bg":"#fdf7f2","title":"One ingredient. Endless benefits.","content":"At the core of Super Tallow™ is 100% grass-fed beef tallow, a single, powerhouse ingredient packed with:","image":"shopify:\/\/shop_images\/ingredient.png","cta_text":"ADD TO CART","cta_url":"","cta_bg":"","cta_color":"","cta_bottom_icon_1":"shopify:\/\/shop_images\/freedelivery.png","cta_bottom_text_1":"Free Delivery","cta_bottom_icon_2":"shopify:\/\/shop_images\/Check_ring_1.svg","cta_bottom_text_2":"30 day money back guarantee"}},"mms_common_questions_zjqpWJ":{"type":"mms-common-questions","blocks":{"buy_buttons_zhyJgw":{"type":"buy_buttons","settings":{"show_dynamic_checkout":false,"show_gift_card_recipient":true,"show_prices":false}},"block_a4jqBF":{"type":"block","settings":{"question":"What is tallow?","answer":"<p>Tallow is a single-ingredient moisturizer that has been used for thousands of years. It is sourced from the fatty tissue of cows, and is rich in vitamins A, D, E, and K. Tallow has a lipid profile similar to that of human skin, so it is easily absorbed and nourishing to the skin barrier.<\/p>"}},"block_EtgbNT":{"type":"block","settings":{"question":"What makes Super Tallow™ \"super\"?","answer":"<p>Super Tallow™ is incredibly high quality tallow. It has a luxe texture & consistency, is 100% unscented, and is sourced from the best sustainable farms. We believe that grass-fed, grass-finished, happy cows make the best tallow. If you have tried other tallow products, you will see a night and day difference versus Super Tallow™.<\/p>"}},"block_X4kF64":{"type":"block","settings":{"question":"Does it have a smell?","answer":"<p>No! Our tallow is completely unscented. You may pick up a 'beefy' scent using other tallow products, but not Super Tallow™.<\/p>"}},"block_kzk3mK":{"type":"block","settings":{"question":"Does it cause breakouts?","answer":"<p>No! Tallow is non-comedogenic, meaning is does not clog pores.<\/p>"}},"block_N7X7zk":{"type":"block","settings":{"question":"When should I use it?","answer":"<p>Any time your skin feels like it needs nourishment or is dry. Fit it into your daily routine however works best for you - some people love Super Tallow™ in their morning routine, some in their evening routine, and some in both!<\/p>"}},"block_W4aqmP":{"type":"block","settings":{"question":"How should I store it?","answer":"<p>Tallow is naturally shelf-stable at room temperature, and does not need to be refrigerated. The texture & consistency will change in cold & heat, so try to store it at ~70 degrees.<\/p>"}},"block_ydMVVN":{"type":"block","settings":{"question":"Where can I get support?","answer":"<p>Email hello@momonaskin.com and we will be happy to support however we can!<\/p>"}},"block_aXzJxL":{"type":"block","settings":{"question":"Is it baby\/pregnancy-safe?","answer":"<p>Yes! Super Tallow™ is safe to use during pregnancy, breastfeeding, and on your baby.<\/p>"}},"block_VgwVBX":{"type":"block","settings":{"question":"Do you ship internationally?","answer":"<p>We do! Please bear with us as we try to get international shipping rates down.<\/p>"}},"block_XEMV8B":{"type":"block","settings":{"question":"How much should I use?","answer":"<p>Email hello@momonaskin.com and we will be happy to support however we can!<\/p>"}}},"block_order":["buy_buttons_zhyJgw","block_a4jqBF","block_EtgbNT","block_X4kF64","block_kzk3mK","block_N7X7zk","block_W4aqmP","block_ydMVVN","block_aXzJxL","block_VgwVBX","block_XEMV8B"],"settings":{"bg":"#fdf7f2","title":"Frequently Asked Questions","cta_text":"ADD TO CART","cta_url":"","cta_bg":"","cta_color":"","cta_bottom_text_1":"","cta_bottom_icon_2":"shopify:\/\/shop_images\/Check_ring_1.svg","cta_bottom_text_2":"30 day satisfaction guarantee"}},"1728669099fe2fde56":{"type":"apps","blocks":{"judge_me_reviews_review_widget_Tb9qWE":{"type":"shopify:\/\/apps\/judge-me-reviews\/blocks\/review_widget\/61ccd3b1-a9f2-4160-9fe9-4fec8413e5d8","settings":{}}},"block_order":["judge_me_reviews_review_widget_Tb9qWE"],"settings":{"include_margins":true}},"mms_2cols_rVqnxD":{"type":"mms-2cols","disabled":true,"settings":{"bg":"","title":"Stay in the Glow","content":"<p>Join our community for exclusive offers, skincare tips, and the latest on Super Tallow™—delivered straight to your inbox.<\/p>","image":"shopify:\/\/shop_images\/newsletter.png"}},"collapsible_content_DbQrgX":{"type":"collapsible-content","blocks":{"collapsible_row_RUayNU":{"type":"collapsible_row","settings":{"heading":"What is tallow?","icon":"check_mark","row_content":"<p>Tallow is a single-ingredient moisturizer that has been used for thousands of years. It is sourced from the fatty tissue of cows, and is rich in vitamins A, D, E, and K. Tallow has a lipid profile similar to that of human skin, so it is easily absorbed and nourishing to the skin barrier.<\/p>","page":""}},"collapsible_row_UtA9PN":{"type":"collapsible_row","settings":{"heading":"What makes Super Tallow™ \"super\"?","icon":"check_mark","row_content":"<p>Super Tallow™ is incredibly high quality tallow. It has a luxe texture & consistency, is 100% unscented, and is sourced from the best sustainable farms. We believe that grass-fed, grass-finished, happy cows make the best tallow. If you have tried other tallow products, you will see a night and day difference versus Super Tallow™.<\/p>","page":""}},"collapsible_row_3mHUk3":{"type":"collapsible_row","settings":{"heading":"Does it have a smell?","icon":"check_mark","row_content":"<p>No! Our tallow is completely unscented. You may pick up a 'beefy' scent using other tallow products, but not Super Tallow™.<\/p>","page":""}},"collapsible_row_UWU7Jt":{"type":"collapsible_row","settings":{"heading":"Does it cause breakouts?","icon":"check_mark","row_content":"<p>No! Tallow is non-comedogenic, meaning is does not clog pores.<\/p>","page":""}},"collapsible_row_bNeAD4":{"type":"collapsible_row","settings":{"heading":"When should I use it?","icon":"check_mark","row_content":"<p>Any time your skin feels like it needs nourishment or is dry. Fit it into your daily routine however works best for you - some people love Super Tallow™ in their morning routine, some in their evening routine, and some in both!<\/p>","page":""}},"collapsible_row_B37JKJ":{"type":"collapsible_row","settings":{"heading":"How much should I use?","icon":"check_mark","row_content":"<p>A little goes a long way. We recommend a pea-to-penny sized amount. If you feel greasy, you are using too much.<\/p>","page":""}},"collapsible_row_rV8NdW":{"type":"collapsible_row","settings":{"heading":"How should I store it?","icon":"check_mark","row_content":"<p>Tallow is naturally shelf-stable at room temperature, and does not need to be refrigerated. The texture & consistency will change in cold & heat, so try to store it at ~70 degrees.<\/p>","page":""}},"collapsible_row_4GFVJa":{"type":"collapsible_row","settings":{"heading":"Where can I get support?","icon":"check_mark","row_content":"<p>Email hello@momonaskin.com and we will be happy to support however we can!<\/p>","page":""}},"collapsible_row_QnzNBw":{"type":"collapsible_row","settings":{"heading":"Is it baby\/pregnancy-safe?","icon":"check_mark","row_content":"<p>Yes! Super Tallow™ is safe to use during pregnancy, breastfeeding, and on your baby.<\/p>","page":""}},"collapsible_row_4xyEVa":{"type":"collapsible_row","settings":{"heading":"Do you ship internationally?","icon":"check_mark","row_content":"<p>We do! Please bear with us as we try to get international shipping rates down.<\/p>","page":""}},"collapsible_row_PfbK8J":{"type":"collapsible_row","settings":{"heading":"Where can I get support?","icon":"check_mark","row_content":"<p>Email hello@momonaskin.com and we will be happy to support however we can!<\/p>","page":""}}},"block_order":["collapsible_row_RUayNU","collapsible_row_UtA9PN","collapsible_row_3mHUk3","collapsible_row_UWU7Jt","collapsible_row_bNeAD4","collapsible_row_B37JKJ","collapsible_row_rV8NdW","collapsible_row_4GFVJa","collapsible_row_QnzNBw","collapsible_row_4xyEVa","collapsible_row_PfbK8J"],"disabled":true,"settings":{"caption":"","heading":"FAQs","heading_size":"h1","heading_alignment":"center","layout":"none","color_scheme":"","container_color_scheme":"","open_first_collapsible_row":false,"image_ratio":"adapt","desktop_layout":"image_second","padding_top":36,"padding_bottom":36}}},"order":["main","related-products","mms_marquee_fQyr6h","mms_product_information_Bi8iQY","mms_image_text_blocks_bcgFrX","mms_table_NcHibM","mms_videos_nHgCAk","mms_pdp_benefits_QyTxK4","mms_marquee_ijk3b8","mms_steps_gTxNak","mms_pdp_mission_4TnFHW","mms_pdp_ingredient_ApzPJJ","mms_common_questions_zjqpWJ","1728669099fe2fde56","mms_2cols_rVqnxD","collapsible_content_DbQrgX"]}