{"sections":{"main":{"type":"main-product","blocks":{"text":{"type":"text","disabled":true,"settings":{"text":"{{ product.vendor }}","text_style":"body"}},"title":{"type":"title","settings":{}},"price":{"type":"price","settings":{}},"rating":{"type":"rating","settings":{}},"description":{"type":"description","settings":{}},"text_qezrxe":{"type":"text","settings":{"text":"Ingredients: Grass-fed beef tallow","text_style":"body"}},"variant_picker":{"type":"variant_picker","settings":{"picker_type":"button","swatch_shape":"circle"}},"quantity_selector":{"type":"quantity_selector","settings":{}},"recharge_subscriptions_subscription_widget_pKxWcT":{"type":"shopify:\/\/apps\/recharge-subscriptions\/blocks\/subscription-widget\/371eed76-0b44-4869-9813-730372ea378e","settings":{"product":"{{product}}"}},"text_4nAJ8d":{"type":"text","settings":{"text":"<em><strong>International Customers: Note that you may be charged duties & taxes upon delivery.<\/strong><\/em>","text_style":"body"}},"buy_buttons":{"type":"buy_buttons","settings":{"show_dynamic_checkout":true,"show_gift_card_recipient":true}},"share":{"type":"share","settings":{"share_label":"Share"}}},"block_order":["text","title","price","rating","description","text_qezrxe","variant_picker","quantity_selector","recharge_subscriptions_subscription_widget_pKxWcT","text_4nAJ8d","buy_buttons","share"],"settings":{"enable_sticky_info":true,"color_scheme":"scheme-1","media_size":"medium","constrain_to_viewport":true,"media_fit":"contain","gallery_layout":"columns","media_position":"left","image_zoom":"lightbox","mobile_thumbnails":"show","hide_variants":true,"enable_video_looping":true,"padding_top":52,"padding_bottom":24}},"related-products":{"type":"related-products","disabled":true,"settings":{"heading":"You may also like","heading_size":"h2","products_to_show":4,"columns_desktop":4,"color_scheme":"scheme-1","image_ratio":"square","image_shape":"default","show_secondary_image":true,"show_vendor":false,"show_rating":false,"columns_mobile":"2","padding_top":36,"padding_bottom":28}},"rich_text_TmiUnN":{"type":"rich-text","blocks":{"text_B7D8Cd":{"type":"text","settings":{"text":"<p>PILOT TESTER FEEDBACK<\/p>"}}},"block_order":["text_B7D8Cd"],"disabled":true,"settings":{"desktop_content_position":"center","content_alignment":"center","color_scheme":"scheme-2","full_width":true,"padding_top":20,"padding_bottom":20}},"slideshow_8GemdC":{"type":"slideshow","blocks":{"slide_KVgAfa":{"type":"slide","settings":{"image":"shopify:\/\/shop_images\/3.jpg","heading":"","heading_size":"h1","subheading":"","button_label":"","link":"","button_style_secondary":false,"box_align":"middle-center","show_text_box":false,"text_alignment":"center","image_overlay_opacity":0,"color_scheme":"scheme-1","text_alignment_mobile":"center"}},"slide_mKmmRf":{"type":"slide","settings":{"image":"shopify:\/\/shop_images\/5.jpg","heading":"","heading_size":"h2","subheading":"","button_label":"","link":"","button_style_secondary":false,"box_align":"middle-center","show_text_box":false,"text_alignment":"center","image_overlay_opacity":0,"color_scheme":"","text_alignment_mobile":"center"}},"slide_DGXEkx":{"type":"slide","settings":{"image":"shopify:\/\/shop_images\/1.jpg","heading":"","heading_size":"h1","subheading":"","button_label":"","link":"","button_style_secondary":false,"box_align":"middle-center","show_text_box":false,"text_alignment":"center","image_overlay_opacity":0,"color_scheme":"","text_alignment_mobile":"center"}},"slide_4Vk9kE":{"type":"slide","settings":{"image":"shopify:\/\/shop_images\/4.jpg","heading":"","heading_size":"h1","subheading":"","button_label":"","link":"","button_style_secondary":false,"box_align":"middle-center","show_text_box":false,"text_alignment":"center","image_overlay_opacity":0,"color_scheme":"scheme-1","text_alignment_mobile":"center"}},"slide_Ka4YC3":{"type":"slide","settings":{"image":"shopify:\/\/shop_images\/6.jpg","heading":"","heading_size":"h1","subheading":"","button_label":"","link":"","button_style_secondary":false,"box_align":"middle-center","show_text_box":false,"text_alignment":"center","image_overlay_opacity":0,"color_scheme":"scheme-1","text_alignment_mobile":"center"}}},"block_order":["slide_KVgAfa","slide_mKmmRf","slide_DGXEkx","slide_4Vk9kE","slide_Ka4YC3"],"disabled":true,"settings":{"layout":"full_bleed","slide_height":"medium","slider_visual":"dots","auto_rotate":false,"change_slides_speed":5,"image_behavior":"none","show_text_below":false,"accessibility_info":"Slideshow about our brand"}},"collapsible_content_DbQrgX":{"type":"collapsible-content","blocks":{"collapsible_row_RUayNU":{"type":"collapsible_row","settings":{"heading":"What is tallow?","icon":"check_mark","row_content":"<p>Tallow is a single-ingredient moisturizer that has been used for thousands of years. It is sourced from the fatty tissue of cows, and is rich in vitamins A, D, E, and K. Tallow has a lipid profile similar to that of human skin, so it is easily absorbed and nourishing to the skin barrier.<\/p>","page":""}},"collapsible_row_UtA9PN":{"type":"collapsible_row","settings":{"heading":"What makes Super Tallow™ \"super\"?","icon":"check_mark","row_content":"<p>Super Tallow™ is incredibly high quality tallow. It has a luxe texture & consistency, is 100% unscented, and is sourced from the best sustainable farms. We believe that grass-fed, grass-finished, happy cows make the best tallow. If you have tried other tallow products, you will see a night and day difference versus Super Tallow™.<\/p>","page":""}},"collapsible_row_3mHUk3":{"type":"collapsible_row","settings":{"heading":"Does it have a smell?","icon":"check_mark","row_content":"<p>No! Our tallow is completely unscented. You may pick up a 'beefy' scent using other tallow products, but not Super Tallow™.<\/p>","page":""}},"collapsible_row_UWU7Jt":{"type":"collapsible_row","settings":{"heading":"Does it cause breakouts?","icon":"check_mark","row_content":"<p>No! Tallow is non-comedogenic, meaning is does not clog pores.<\/p>","page":""}},"collapsible_row_bNeAD4":{"type":"collapsible_row","settings":{"heading":"When should I use it?","icon":"check_mark","row_content":"<p>Any time your skin feels like it needs nourishment or is dry. Fit it into your daily routine however works best for you - some people love Super Tallow™ in their morning routine, some in their evening routine, and some in both!<\/p>","page":""}},"collapsible_row_B37JKJ":{"type":"collapsible_row","settings":{"heading":"How much should I use?","icon":"check_mark","row_content":"<p>A little goes a long way. We recommend a pea-to-penny sized amount. If you feel greasy, you are using too much.<\/p>","page":""}},"collapsible_row_rV8NdW":{"type":"collapsible_row","settings":{"heading":"How should I store it?","icon":"check_mark","row_content":"<p>Tallow is naturally shelf-stable at room temperature, and does not need to be refrigerated. The texture & consistency will change in cold & heat, so try to store it at ~70 degrees.<\/p>","page":""}},"collapsible_row_4GFVJa":{"type":"collapsible_row","settings":{"heading":"Where can I get support?","icon":"check_mark","row_content":"<p>Email hello@momonaskin.com and we will be happy to support however we can!<\/p>","page":""}},"collapsible_row_QnzNBw":{"type":"collapsible_row","settings":{"heading":"Is it baby\/pregnancy-safe?","icon":"check_mark","row_content":"<p>Yes! Super Tallow™ is safe to use during pregnancy, breastfeeding, and on your baby.<\/p>","page":""}},"collapsible_row_4xyEVa":{"type":"collapsible_row","settings":{"heading":"Do you ship internationally?","icon":"check_mark","row_content":"<p>We do! Please bear with us as we try to get international shipping rates down.<\/p>","page":""}},"collapsible_row_PfbK8J":{"type":"collapsible_row","settings":{"heading":"Where can I get support?","icon":"check_mark","row_content":"<p>Email hello@momonaskin.com and we will be happy to support however we can!<\/p>","page":""}}},"block_order":["collapsible_row_RUayNU","collapsible_row_UtA9PN","collapsible_row_3mHUk3","collapsible_row_UWU7Jt","collapsible_row_bNeAD4","collapsible_row_B37JKJ","collapsible_row_rV8NdW","collapsible_row_4GFVJa","collapsible_row_QnzNBw","collapsible_row_4xyEVa","collapsible_row_PfbK8J"],"settings":{"caption":"","heading":"FAQs","heading_size":"h1","heading_alignment":"center","layout":"none","color_scheme":"","container_color_scheme":"","open_first_collapsible_row":false,"image_ratio":"adapt","desktop_layout":"image_second","padding_top":36,"padding_bottom":36}},"1728669099fe2fde56":{"type":"apps","blocks":{"judge_me_reviews_review_widget_Tb9qWE":{"type":"shopify:\/\/apps\/judge-me-reviews\/blocks\/review_widget\/61ccd3b1-a9f2-4160-9fe9-4fec8413e5d8","settings":{}}},"block_order":["judge_me_reviews_review_widget_Tb9qWE"],"settings":{"include_margins":true}}},"order":["main","related-products","1728669099fe2fde56","rich_text_TmiUnN","slideshow_8GemdC","collapsible_content_DbQrgX"]}